poll_id,date,pollster,state,method,voter_type,sample_size,margin_of_error,harris_pct,trump_pct,undecided
1,2024-01-12,Emerson,NV,Mixed,LV,1080,3,44.7,50.5,4.8
2,2024-01-15,Emerson,AZ,Mixed,LV,931,3.2,49.5,44.7,5.8
3,2024-01-17,YouGov,MI,Online,RV,969,3.1,53.7,42.3,4
4,2024-01-19,Siena College,MI,Phone,LV,961,3.2,51,45.5,3.5
5,2024-01-19,Emerson,PA,Mixed,RV,1032,3.1,52.1,46.8,1.1
6,2024-01-19,RMG Research,NAT,Mixed,RV,1033,3,46.7,48.2,5.1
7,2024-01-20,RMG Research,WI,Mixed,RV,847,3.4,48.2,45,6.8
8,2024-01-25,Siena College,AZ,Phone,RV,917,3.2,49.3,44.2,6.5
9,2024-01-26,Emerson,NV,Mixed,RV,1095,3,47.6,48.1,4.3
10,2024-01-27,Emerson,NV,Mixed,RV,1014,3.1,44.5,49.9,5.7
11,2024-01-27,Morning Consult,PA,Online,RV,1022,3.1,50,45.2,4.8
12,2024-01-27,Siena College,NAT,Phone,RV,940,3.2,48.7,45.4,6
13,2024-01-28,Morning Consult,NAT,Online,RV,894,3.3,49.2,45.6,5.2
14,2024-01-29,Emerson,NAT,Mixed,RV,831,3.4,48.5,47,4.5
15,2024-01-29,Siena College,NAT,Phone,RV,1010,3.1,42.9,49.1,8
16,2024-01-30,Emerson,AZ,Mixed,RV,1035,3,48.5,43.9,7.6
17,2024-01-30,Siena College,NV,Phone,RV,1195,2.8,45.2,50.2,4.6
18,2024-02-01,Emerson,PA,Mixed,RV,1126,2.9,50.5,45.2,4.3
19,2024-02-01,Morning Consult,GA,Online,RV,893,3.3,50,42.6,7.4
20,2024-02-04,Siena College,PA,Phone,LV,1003,3.1,47.3,48.1,4.6
21,2024-02-09,Siena College,MI,Phone,RV,1079,3,51.3,46.7,2
22,2024-02-11,Siena College,GA,Phone,LV,1035,3,42.9,47.8,9.3
23,2024-02-12,RMG Research,MI,Mixed,LV,1038,3,50.2,47.8,2
24,2024-02-13,Siena College,GA,Phone,RV,954,3.2,47.6,47.5,4.8
25,2024-02-13,Siena College,MI,Phone,RV,1028,3.1,50.2,46,3.8
26,2024-02-16,Morning Consult,MI,Online,RV,963,3.2,49.1,48.8,2.1
27,2024-02-17,Emerson,PA,Mixed,RV,899,3.3,45.8,46.9,7.3
28,2024-02-18,Siena College,NAT,Phone,LV,909,3.3,47.6,45.5,6.9
29,2024-02-19,Siena College,PA,Phone,RV,1072,3,47.2,44.7,8.2
30,2024-02-20,YouGov,WI,Online,RV,1080,3,52,43.5,4.5
31,2024-02-21,YouGov,NAT,Online,RV,1109,2.9,48.3,50.5,1.2
32,2024-02-21,RMG Research,NAT,Mixed,RV,875,3.3,47.6,48.5,3.9
33,2024-02-23,Siena College,AZ,Phone,RV,1071,3,48.8,45,6.1
34,2024-02-24,Emerson,NAT,Mixed,RV,1176,2.9,49.7,45.3,5
35,2024-02-25,Morning Consult,NAT,Online,LV,980,3.1,47.9,45.6,6.5
36,2024-02-25,RMG Research,GA,Mixed,LV,1070,3,43.6,48.5,7.9
37,2024-02-26,RMG Research,GA,Mixed,LV,933,3.2,46.4,49.1,4.6
38,2024-02-27,RMG Research,NV,Mixed,LV,1016,3.1,46.7,50.3,3
39,2024-02-28,RMG Research,AZ,Mixed,LV,1103,3,48.2,45.7,6
40,2024-02-29,Siena College,NV,Phone,RV,1030,3.1,49.9,47.2,2.9
41,2024-02-29,RMG Research,NAT,Mixed,RV,1002,3.1,49.6,46.5,3.9
42,2024-02-29,RMG Research,NAT,Mixed,RV,1001,3.1,51.3,48.7,0.1
43,2024-02-29,RMG Research,WI,Mixed,RV,1029,3.1,47.6,48.3,4.1
44,2024-03-01,RMG Research,WI,Mixed,RV,915,3.2,45.9,47.5,6.6
45,2024-03-01,YouGov,GA,Online,LV,948,3.2,44.4,48.8,6.8
46,2024-03-02,Emerson,MI,Mixed,RV,1012,3.1,45.7,51,3.3
47,2024-03-04,Morning Consult,WI,Online,RV,845,3.4,48.3,47.6,4.2
48,2024-03-04,RMG Research,MI,Mixed,LV,947,3.2,47.6,44.7,7.7
49,2024-03-05,Emerson,PA,Mixed,RV,1251,2.8,44,51.1,5
50,2024-03-05,RMG Research,WI,Mixed,LV,1025,3.1,44.9,48.9,6.3
51,2024-03-06,RMG Research,MI,Mixed,RV,944,3.2,50.6,41.6,7.7
52,2024-03-06,Morning Consult,NAT,Online,RV,1129,2.9,44.4,55,0.6
53,2024-03-07,RMG Research,MI,Mixed,LV,911,3.2,49.2,46.7,4.1
54,2024-03-07,Morning Consult,WI,Online,RV,1011,3.1,47.6,48.7,3.7
55,2024-03-08,YouGov,NAT,Online,RV,1137,2.9,45.5,51.2,3.3
56,2024-03-11,YouGov,MI,Online,LV,1105,2.9,50.8,46.3,2.9
57,2024-03-11,Siena College,NAT,Phone,LV,1051,3,46.7,47.5,5.7
58,2024-03-11,RMG Research,GA,Mixed,RV,1027,3.1,50.7,45.8,3.5
59,2024-03-12,Siena College,GA,Phone,LV,917,3.2,47.7,44.7,7.6
60,2024-03-12,YouGov,WI,Online,RV,933,3.2,41.2,54,4.7
61,2024-03-13,Emerson,GA,Mixed,RV,1065,3,45.9,50,4.1
62,2024-03-13,RMG Research,MI,Mixed,RV,1167,2.9,50,48,2
63,2024-03-13,Morning Consult,WI,Online,LV,1014,3.1,46.8,49.7,3.6
64,2024-03-13,YouGov,NAT,Online,LV,1107,2.9,48.7,48,3.3
65,2024-03-13,Siena College,PA,Phone,RV,907,3.3,50.3,47.1,2.6
66,2024-03-15,RMG Research,MI,Mixed,LV,987,3.1,47.1,47.5,5.5
67,2024-03-16,YouGov,NAT,Online,RV,929,3.2,52.4,40.7,6.9
68,2024-03-16,RMG Research,PA,Mixed,RV,1089,3,50.6,43,6.4
69,2024-03-16,YouGov,PA,Online,RV,928,3.2,49.9,46.2,3.9
70,2024-03-17,Siena College,MI,Phone,RV,999,3.1,50.1,42.1,7.8
71,2024-03-17,Emerson,MI,Mixed,RV,1043,3,45.2,52.5,2.3
72,2024-03-17,Siena College,NAT,Phone,RV,1073,3,48.3,50.6,1
73,2024-03-18,Morning Consult,AZ,Online,RV,1002,3.1,45.5,47.3,7.3
74,2024-03-19,Morning Consult,PA,Online,RV,938,3.2,50.6,44.9,4.5
75,2024-03-20,Morning Consult,WI,Online,RV,808,3.4,45,50.8,4.2
76,2024-03-20,YouGov,MI,Online,LV,935,3.2,49.6,46.7,3.7
77,2024-03-21,Morning Consult,AZ,Online,LV,1066,3,49.2,49.4,1.4
78,2024-03-21,Emerson,NV,Mixed,RV,1051,3,48.9,43.7,7.4
79,2024-03-22,Morning Consult,PA,Online,RV,988,3.1,49.4,43.1,7.5
80,2024-03-23,Morning Consult,GA,Online,RV,992,3.1,46.2,48.6,5.2
81,2024-03-23,RMG Research,WI,Mixed,LV,983,3.1,50,43.6,6.4
82,2024-03-23,Siena College,NV,Phone,RV,909,3.3,45.5,50.5,3.9
83,2024-03-24,Morning Consult,NV,Online,LV,863,3.3,43.8,50.6,5.7
84,2024-03-24,YouGov,AZ,Online,RV,941,3.2,45.3,48.5,6.2
85,2024-03-27,Morning Consult,GA,Online,RV,982,3.1,47.7,46.7,5.6
86,2024-03-27,YouGov,GA,Online,LV,1023,3.1,43.1,50.8,6
87,2024-03-27,Morning Consult,AZ,Online,RV,1063,3,50.2,43.9,5.9
88,2024-03-27,RMG Research,NV,Mixed,RV,935,3.2,47.7,47.9,4.4
89,2024-03-27,Morning Consult,PA,Online,RV,1070,3,50.1,49.1,0.8
90,2024-03-29,Morning Consult,GA,Online,RV,929,3.2,50.7,47.3,2
91,2024-03-29,Siena College,NAT,Phone,LV,984,3.1,44.9,49.2,5.9
92,2024-03-30,Morning Consult,WI,Online,RV,1086,3,45.7,44.7,9.6
93,2024-03-30,YouGov,PA,Online,RV,1056,3,49.3,46.4,4.3
94,2024-03-30,RMG Research,NAT,Mixed,RV,1007,3.1,48.7,46.3,5
95,2024-03-31,YouGov,MI,Online,RV,988,3.1,46.9,49.2,3.9
96,2024-03-31,YouGov,AZ,Online,LV,1186,2.8,44.5,48.5,7
97,2024-03-31,Siena College,NV,Phone,RV,939,3.2,49,44.8,6.3
98,2024-04-01,RMG Research,MI,Mixed,RV,1012,3.1,48.2,48.2,3.5
99,2024-04-01,Siena College,PA,Phone,RV,1146,2.9,46.6,49.5,3.9
100,2024-04-02,RMG Research,NV,Mixed,LV,1041,3,47.5,49.3,3.2
101,2024-04-02,Emerson,MI,Mixed,LV,976,3.1,48,46.4,5.6
102,2024-04-03,YouGov,PA,Online,RV,971,3.1,47.9,46.3,5.9
103,2024-04-04,RMG Research,PA,Mixed,LV,962,3.2,49.5,44.2,6.3
104,2024-04-05,Morning Consult,AZ,Online,RV,939,3.2,50.3,45.2,4.5
105,2024-04-05,RMG Research,GA,Mixed,RV,1012,3.1,52.6,44.8,2.6
106,2024-04-05,RMG Research,NAT,Mixed,LV,1052,3,44,48.1,7.9
107,2024-04-05,RMG Research,PA,Mixed,LV,874,3.3,46,48.8,5.2
108,2024-04-06,RMG Research,PA,Mixed,RV,872,3.3,45.8,47,7.2
109,2024-04-06,YouGov,WI,Online,RV,1023,3.1,49.2,47.2,3.6
110,2024-04-06,YouGov,MI,Online,LV,1042,3,47.6,46.4,5.9
111,2024-04-06,Morning Consult,PA,Online,RV,1049,3,47.7,42.8,9.6
112,2024-04-06,RMG Research,WI,Mixed,RV,1067,3,49.9,45,5.1
113,2024-04-07,Siena College,NAT,Phone,RV,868,3.3,51.4,43.8,4.7
114,2024-04-08,Siena College,NAT,Phone,RV,1041,3,47.4,47.8,4.8
115,2024-04-08,Siena College,PA,Phone,RV,1015,3.1,44.2,48.4,7.4
116,2024-04-08,YouGov,NV,Online,RV,1061,3,46.4,50.4,3.1
117,2024-04-09,Morning Consult,GA,Online,RV,1068,3,48,46.1,5.9
118,2024-04-10,Morning Consult,GA,Online,RV,1073,3,46.6,49.4,4
119,2024-04-11,Morning Consult,AZ,Online,LV,1021,3.1,48.1,45.3,6.5
120,2024-04-11,YouGov,NV,Online,RV,874,3.3,49.5,46.2,4.3
121,2024-04-12,RMG Research,WI,Mixed,LV,1147,2.9,44.7,47.8,7.5
122,2024-04-12,Siena College,NAT,Phone,RV,872,3.3,48.2,48.9,3
123,2024-04-13,Emerson,NV,Mixed,RV,1108,2.9,47.4,47.2,5.3
124,2024-04-14,YouGov,NAT,Online,RV,930,3.2,53.2,42.5,4.3
125,2024-04-14,Siena College,NAT,Phone,RV,910,3.2,45.1,50,4.9
126,2024-04-15,Emerson,NAT,Mixed,LV,827,3.4,49,43,8
127,2024-04-15,Morning Consult,MI,Online,LV,1016,3.1,46.3,48.7,5
128,2024-04-15,Emerson,PA,Mixed,RV,1016,3.1,45.1,48.6,6.3
129,2024-04-15,Siena College,PA,Phone,RV,1156,2.9,50.6,47.5,1.9
130,2024-04-16,Emerson,AZ,Mixed,RV,973,3.1,45.3,49.2,5.5
131,2024-04-16,Morning Consult,GA,Online,RV,1026,3.1,46.6,48.7,4.6
132,2024-04-17,Siena College,AZ,Phone,LV,1030,3.1,50.5,44.6,4.8
133,2024-04-17,Emerson,NAT,Mixed,RV,861,3.3,44.9,49.4,5.6
134,2024-04-17,YouGov,AZ,Online,RV,946,3.2,48.7,48.1,3.1
135,2024-04-17,YouGov,MI,Online,RV,905,3.3,51.5,41.7,6.8
136,2024-04-17,Morning Consult,NV,Online,LV,951,3.2,48,49.6,2.4
137,2024-04-18,Morning Consult,NV,Online,RV,1058,3,44.6,53.6,1.8
138,2024-04-18,Siena College,NV,Phone,RV,954,3.2,51.2,45.1,3.7
139,2024-04-19,YouGov,PA,Online,RV,955,3.2,52.1,43.6,4.4
140,2024-04-19,Morning Consult,AZ,Online,RV,1157,2.9,50.8,43.1,6.1
141,2024-04-19,Siena College,WI,Phone,LV,920,3.2,50.5,44.5,5
142,2024-04-20,Emerson,GA,Mixed,RV,760,3.6,48.7,44.7,6.6
143,2024-04-20,YouGov,NV,Online,RV,1081,3,43.8,48.7,7.5
144,2024-04-21,Morning Consult,NAT,Online,LV,971,3.1,46.7,49.1,4.1
145,2024-04-22,Siena College,MI,Phone,LV,942,3.2,52.8,41.9,5.3
146,2024-04-22,Siena College,AZ,Phone,LV,931,3.2,46,52,2
147,2024-04-22,Siena College,MI,Phone,LV,1043,3,45.8,45.9,8.3
148,2024-04-23,Emerson,MI,Mixed,RV,1010,3.1,48.1,48.2,3.7
149,2024-04-24,Morning Consult,WI,Online,RV,1122,2.9,51,42.8,6.2
150,2024-04-24,Emerson,NAT,Mixed,RV,1039,3,47.1,44.7,8.3
151,2024-04-25,Emerson,NAT,Mixed,RV,1095,3,48.2,47.1,4.6
152,2024-04-25,YouGov,GA,Online,RV,1219,2.8,45.4,51.5,3.1
153,2024-04-25,YouGov,PA,Online,RV,1160,2.9,50.6,41.3,8.1
154,2024-04-25,Emerson,WI,Mixed,LV,952,3.2,46.2,45.5,8.3
155,2024-04-26,YouGov,NAT,Online,RV,795,3.5,52.5,45.9,1.6
156,2024-04-26,Siena College,NAT,Phone,LV,934,3.2,48.7,47.5,3.8
157,2024-04-27,YouGov,AZ,Online,LV,1242,2.8,48.5,49.3,2.3
158,2024-04-27,Siena College,NAT,Phone,RV,1007,3.1,49.5,45.8,4.7
159,2024-04-28,Emerson,PA,Mixed,RV,1100,3,44.3,47.7,8
160,2024-04-28,YouGov,PA,Online,RV,830,3.4,51.4,44.9,3.7
161,2024-04-28,Morning Consult,PA,Online,RV,871,3.3,50.7,46.7,2.6
162,2024-04-28,RMG Research,GA,Mixed,RV,1023,3.1,49,45.8,5.1
163,2024-04-28,RMG Research,NAT,Mixed,RV,930,3.2,48.5,47.9,3.5
164,2024-04-29,RMG Research,AZ,Mixed,RV,994,3.1,46.6,49.9,3.5
165,2024-04-29,Emerson,AZ,Mixed,RV,866,3.3,46.3,45.6,8.2
166,2024-04-29,YouGov,NAT,Online,RV,1022,3.1,52.4,42.9,4.7
167,2024-04-29,Emerson,GA,Mixed,RV,1050,3,45.7,50.6,3.7
168,2024-04-29,YouGov,PA,Online,RV,1175,2.9,50.4,42.8,6.9
169,2024-04-29,Morning Consult,NV,Online,RV,873,3.3,44,46,10.1
170,2024-04-29,Siena College,NAT,Phone,RV,862,3.3,45.7,49,5.3
171,2024-04-30,Emerson,MI,Mixed,LV,1014,3.1,45.8,47.1,7.1
172,2024-04-30,RMG Research,NAT,Mixed,RV,952,3.2,48.3,51.3,0.4
173,2024-05-01,YouGov,MI,Online,RV,1070,3,49.1,46.7,4.2
174,2024-05-01,Siena College,NAT,Phone,LV,981,3.1,48.3,48.1,3.6
175,2024-05-01,RMG Research,GA,Mixed,RV,959,3.2,47.8,50.7,1.6
176,2024-05-02,RMG Research,NAT,Mixed,LV,1214,2.8,45.8,50.6,3.6
177,2024-05-02,YouGov,GA,Online,LV,790,3.5,46.2,48,5.8
178,2024-05-02,Siena College,NAT,Phone,RV,876,3.3,51.4,44.1,4.4
179,2024-05-02,Siena College,WI,Phone,RV,1020,3.1,49.2,48.6,2.2
180,2024-05-03,Siena College,AZ,Phone,RV,903,3.3,51.9,44.3,3.8
181,2024-05-05,YouGov,WI,Online,RV,1046,3,49.9,45,5.1
182,2024-05-05,Emerson,AZ,Mixed,RV,1089,3,44.7,49,6.4
183,2024-05-06,Siena College,MI,Phone,RV,1014,3.1,47.5,47.2,5.3
184,2024-05-06,YouGov,MI,Online,RV,1151,2.9,54.7,43.3,2
185,2024-05-06,Emerson,NV,Mixed,RV,1037,3,44.4,50.2,5.4
186,2024-05-06,RMG Research,AZ,Mixed,LV,921,3.2,48.8,46.2,5.1
187,2024-05-06,YouGov,GA,Online,LV,778,3.5,44.3,48.1,7.6
188,2024-05-08,Siena College,NV,Phone,RV,1097,3,45.1,49.9,5.1
189,2024-05-08,Emerson,NAT,Mixed,LV,1022,3.1,43.9,48.8,7.2
190,2024-05-08,RMG Research,NAT,Mixed,LV,1130,2.9,48.1,48.1,3.8
191,2024-05-08,Emerson,MI,Mixed,RV,963,3.2,50.3,44,5.7
192,2024-05-09,Morning Consult,PA,Online,RV,1197,2.8,45.9,45.8,8.3
193,2024-05-09,Emerson,PA,Mixed,RV,1110,2.9,52.1,43,4.9
194,2024-05-09,Morning Consult,NV,Online,LV,699,3.7,45.4,51.4,3.2
195,2024-05-09,Siena College,WI,Phone,RV,1055,3,49.5,45.9,4.5
196,2024-05-09,Siena College,NV,Phone,RV,860,3.3,50.3,49.1,0.6
197,2024-05-10,YouGov,NAT,Online,LV,1041,3,46.3,48.2,5.5
198,2024-05-10,RMG Research,NV,Mixed,RV,1020,3.1,47.5,46.7,5.7
199,2024-05-11,RMG Research,PA,Mixed,RV,915,3.2,49.7,46.2,4.1
200,2024-05-12,YouGov,AZ,Online,RV,896,3.3,45,49.2,5.8
201,2024-05-12,Morning Consult,AZ,Online,RV,1025,3.1,48.8,48.1,3.1
202,2024-05-13,YouGov,NAT,Online,RV,1020,3.1,47.7,48.7,3.5
203,2024-05-13,Siena College,NAT,Phone,RV,1083,3,47.4,46.6,6
204,2024-05-14,Siena College,WI,Phone,RV,919,3.2,47.6,48.7,3.7
205,2024-05-14,RMG Research,NAT,Mixed,RV,932,3.2,50.8,42.7,6.6
206,2024-05-14,Emerson,GA,Mixed,LV,1119,2.9,47.4,48,4.6
207,2024-05-14,Siena College,NV,Phone,RV,973,3.1,45.3,52.8,2
208,2024-05-14,Morning Consult,MI,Online,RV,1002,3.1,45.1,44.3,10.6
209,2024-05-15,RMG Research,GA,Mixed,LV,1100,3,45.8,47.7,6.5
210,2024-05-15,Morning Consult,NAT,Online,RV,944,3.2,42.3,50.1,7.6
211,2024-05-15,Emerson,PA,Mixed,RV,973,3.1,53.8,44.7,1.5
212,2024-05-15,Morning Consult,NAT,Online,RV,1055,3,48.8,43.9,7.3
213,2024-05-16,RMG Research,NAT,Mixed,RV,897,3.3,49.5,45,5.5
214,2024-05-16,RMG Research,NAT,Mixed,RV,980,3.1,48.4,46.3,5.3
215,2024-05-16,Siena College,PA,Phone,LV,914,3.2,44.9,48.6,6.6
216,2024-05-16,Morning Consult,NV,Online,RV,1111,2.9,48,49.8,2.2
217,2024-05-16,RMG Research,WI,Mixed,LV,1023,3.1,47.1,45.8,7.1
218,2024-05-17,Siena College,NAT,Phone,RV,1004,3.1,46.7,50.5,2.8
219,2024-05-17,YouGov,MI,Online,LV,948,3.2,51.3,42.6,6.1
220,2024-05-17,RMG Research,NAT,Mixed,RV,1137,2.9,47.1,52.3,0.7
221,2024-05-17,Emerson,NAT,Mixed,RV,1048,3,47.7,47.3,5
222,2024-05-18,Morning Consult,WI,Online,RV,1029,3.1,49.1,47.6,3.3
223,2024-05-18,Emerson,AZ,Mixed,RV,1118,2.9,47.2,48.3,4.6
224,2024-05-18,RMG Research,WI,Mixed,LV,1060,3,46.4,48.1,5.5
225,2024-05-18,YouGov,NV,Online,RV,1076,3,46.1,50,3.9
226,2024-05-18,YouGov,GA,Online,RV,1057,3,47.1,49.6,3.3
227,2024-05-18,Emerson,GA,Mixed,RV,1097,3,47.7,48,4.4
228,2024-05-19,Emerson,GA,Mixed,RV,922,3.2,50.3,46.2,3.5
229,2024-05-19,RMG Research,NV,Mixed,RV,1029,3.1,45.7,51.2,3.1
230,2024-05-19,Siena College,AZ,Phone,LV,922,3.2,44.6,48.5,7
231,2024-05-20,RMG Research,NV,Mixed,RV,926,3.2,45.1,47,7.9
232,2024-05-21,RMG Research,PA,Mixed,RV,1029,3.1,48.7,47.4,3.9
233,2024-05-21,Emerson,WI,Mixed,LV,970,3.1,51.2,44.6,4.2
234,2024-05-22,Morning Consult,AZ,Online,LV,987,3.1,49.7,43.4,6.9
235,2024-05-22,Emerson,MI,Mixed,RV,1023,3.1,49.4,45.8,4.8
236,2024-05-22,Siena College,NV,Phone,LV,1004,3.1,46.4,48.9,4.7
237,2024-05-22,Emerson,NAT,Mixed,RV,993,3.1,45.6,49.2,5.2
238,2024-05-22,YouGov,WI,Online,RV,1053,3,46.1,46.8,7.1
239,2024-05-23,RMG Research,WI,Mixed,RV,1081,3,49.9,47.8,2.3
240,2024-05-23,RMG Research,NAT,Mixed,RV,1008,3.1,45,49.2,5.8
241,2024-05-23,RMG Research,AZ,Mixed,RV,935,3.2,45.4,49.6,5
242,2024-05-23,RMG Research,MI,Mixed,RV,1042,3,46.8,46.5,6.7
243,2024-05-23,Morning Consult,NAT,Online,RV,1101,3,48.5,46.3,5.2
244,2024-05-25,YouGov,AZ,Online,LV,1040,3,43.4,52.2,4.4
245,2024-05-25,Emerson,MI,Mixed,RV,875,3.3,47.9,47,5.1
246,2024-05-26,Emerson,NAT,Mixed,LV,1047,3,46.2,46.9,6.9
247,2024-05-26,Morning Consult,NAT,Online,RV,1109,2.9,44.9,49.4,5.7
248,2024-05-26,RMG Research,GA,Mixed,RV,1220,2.8,47,46.1,7
249,2024-05-27,Morning Consult,WI,Online,RV,779,3.5,48.6,45,6.4
250,2024-05-27,YouGov,MI,Online,LV,848,3.4,51.2,43.5,5.4
251,2024-05-27,Morning Consult,AZ,Online,RV,962,3.2,48.8,44.5,6.7
252,2024-05-27,RMG Research,WI,Mixed,RV,1173,2.9,51.9,44.6,3.5
253,2024-05-27,Siena College,AZ,Phone,RV,1071,3,49.6,45.8,4.6
254,2024-05-27,YouGov,GA,Online,RV,970,3.1,50.7,42,7.4
255,2024-05-28,RMG Research,WI,Mixed,LV,871,3.3,49,47.2,3.7
256,2024-05-28,Morning Consult,NV,Online,LV,857,3.3,45.2,50.5,4.3
257,2024-05-28,Morning Consult,MI,Online,RV,776,3.5,50.4,43.6,6
258,2024-05-28,YouGov,NV,Online,LV,942,3.2,41.4,50,8.6
259,2024-05-28,Siena College,WI,Phone,RV,1024,3.1,45.5,48.6,5.9
260,2024-05-28,Morning Consult,WI,Online,LV,1066,3,49.4,44.6,5.9
261,2024-05-29,RMG Research,NV,Mixed,LV,905,3.3,42.6,56.1,1.3
262,2024-05-29,RMG Research,NAT,Mixed,RV,1060,3,45.7,49.4,4.8
263,2024-05-29,RMG Research,PA,Mixed,LV,1016,3.1,49.6,45.8,4.6
264,2024-05-29,Siena College,MI,Phone,RV,939,3.2,49.4,44.5,6.1
265,2024-05-29,Siena College,AZ,Phone,RV,1300,2.7,48,45.8,6.2
266,2024-05-30,Emerson,AZ,Mixed,LV,1091,3,49.2,43.3,7.5
267,2024-05-30,Morning Consult,GA,Online,RV,926,3.2,46.2,51.8,1.9
268,2024-05-31,Siena College,WI,Phone,RV,1026,3.1,44.6,49.9,5.5
269,2024-05-31,Siena College,NV,Phone,RV,1108,2.9,49.5,42.4,8.2
270,2024-05-31,Morning Consult,WI,Online,RV,994,3.1,46.2,49.3,4.5
271,2024-05-31,YouGov,AZ,Online,RV,852,3.4,48,46.2,5.8
272,2024-05-31,Emerson,MI,Mixed,RV,958,3.2,52.2,45.6,2.2
273,2024-06-01,Emerson,AZ,Mixed,RV,895,3.3,51.8,43.3,4.9
274,2024-06-01,YouGov,PA,Online,RV,967,3.2,47,46.4,6.6
275,2024-06-01,Siena College,PA,Phone,RV,1111,2.9,45.1,49.2,5.7
276,2024-06-01,Morning Consult,AZ,Online,LV,1040,3,44.1,52.3,3.6
277,2024-06-01,Morning Consult,PA,Online,LV,947,3.2,48.4,45.7,5.9
278,2024-06-02,Siena College,NAT,Phone,RV,993,3.1,50.1,45.1,4.9
279,2024-06-02,Emerson,GA,Mixed,LV,1074,3,49.3,47.9,2.9
280,2024-06-02,RMG Research,NAT,Mixed,LV,863,3.3,49.2,44.8,6
281,2024-06-02,Morning Consult,NAT,Online,LV,1060,3,50.1,44.2,5.8
282,2024-06-02,Morning Consult,NV,Online,LV,977,3.1,43,50.6,6.4
283,2024-06-02,YouGov,PA,Online,LV,1102,3,44.1,52.6,3.3
284,2024-06-02,Emerson,NAT,Mixed,RV,1164,2.9,53.3,46.2,0.5
285,2024-06-02,Siena College,MI,Phone,RV,978,3.1,47.1,48.3,4.7
286,2024-06-03,Morning Consult,PA,Online,RV,1036,3,52.3,41.6,6.1
287,2024-06-03,RMG Research,NAT,Mixed,RV,974,3.1,48.1,45.2,6.7
288,2024-06-04,RMG Research,AZ,Mixed,RV,954,3.2,51,43.9,5.1
289,2024-06-04,Siena College,NAT,Phone,LV,917,3.2,46.9,45.6,7.5
290,2024-06-04,Morning Consult,WI,Online,RV,921,3.2,44.4,48.6,6.9
291,2024-06-05,Morning Consult,AZ,Online,LV,1086,3,46.2,44.8,9
292,2024-06-05,Siena College,NV,Phone,RV,1007,3.1,45.6,48.8,5.6
293,2024-06-05,Morning Consult,MI,Online,LV,1126,2.9,46.9,48.3,4.8
294,2024-06-05,Emerson,MI,Mixed,RV,970,3.1,50.2,42,7.7
295,2024-06-05,YouGov,WI,Online,LV,979,3.1,45.3,51.1,3.6
296,2024-06-05,Siena College,AZ,Phone,RV,1102,3,49.9,44.9,5.1
297,2024-06-06,YouGov,GA,Online,RV,1014,3.1,46.4,50,3.6
298,2024-06-06,Siena College,NV,Phone,RV,1080,3,47.1,49.2,3.7
299,2024-06-06,Emerson,GA,Mixed,RV,1083,3,44.3,47.8,7.9
300,2024-06-06,Emerson,PA,Mixed,LV,997,3.1,45.9,48.6,5.6
301,2024-06-07,Emerson,NV,Mixed,RV,964,3.2,44,49.7,6.2
302,2024-06-07,Morning Consult,MI,Online,RV,1101,3,50.8,43.7,5.5
303,2024-06-07,Emerson,NAT,Mixed,LV,1072,3,49.2,49.2,1.6
304,2024-06-08,RMG Research,WI,Mixed,RV,948,3.2,48.9,45.3,5.9
305,2024-06-08,YouGov,AZ,Online,RV,1052,3,47.3,44.3,8.4
306,2024-06-08,YouGov,GA,Online,RV,974,3.1,45.7,50.7,3.6
307,2024-06-08,RMG Research,GA,Mixed,RV,952,3.2,46.8,48.5,4.7
308,2024-06-09,Siena College,MI,Phone,RV,1203,2.8,46.1,47.1,6.8
309,2024-06-09,RMG Research,GA,Mixed,LV,1109,2.9,49.6,45.3,5.1
310,2024-06-10,Siena College,MI,Phone,RV,897,3.3,49.3,47.7,3
311,2024-06-10,YouGov,GA,Online,LV,804,3.5,47.3,47.9,4.7
312,2024-06-10,Siena College,NV,Phone,LV,1079,3,48.5,48.2,3.4
313,2024-06-11,YouGov,NV,Online,RV,1072,3,45.9,52.7,1.4
314,2024-06-12,YouGov,NAT,Online,RV,1031,3.1,49.4,46.1,4.5
315,2024-06-12,Morning Consult,PA,Online,RV,1023,3.1,49.8,43.2,7
316,2024-06-12,RMG Research,NV,Mixed,RV,943,3.2,46.2,48.6,5.2
317,2024-06-12,YouGov,GA,Online,RV,1117,2.9,47.9,45.7,6.4
318,2024-06-12,Emerson,NV,Mixed,LV,967,3.2,50.3,46.2,3.4
319,2024-06-12,RMG Research,AZ,Mixed,RV,845,3.4,51.2,45.3,3.5
320,2024-06-12,YouGov,WI,Online,RV,1095,3,45.3,46.5,8.2
321,2024-06-13,YouGov,AZ,Online,LV,926,3.2,46.8,46.6,6.6
322,2024-06-13,YouGov,NV,Online,RV,944,3.2,50.3,44.4,5.3
323,2024-06-13,Emerson,AZ,Mixed,RV,1014,3.1,40.8,49.1,10.2
324,2024-06-13,YouGov,NV,Online,RV,941,3.2,44.8,50,5.2
325,2024-06-13,Siena College,NAT,Phone,RV,1118,2.9,51.2,44.5,4.3
326,2024-06-14,YouGov,AZ,Online,RV,998,3.1,46,46.6,7.4
327,2024-06-14,RMG Research,NAT,Mixed,RV,929,3.2,47.1,47.5,5.4
328,2024-06-15,RMG Research,MI,Mixed,LV,1159,2.9,48.1,47.6,4.4
329,2024-06-15,Morning Consult,AZ,Online,RV,911,3.2,46.1,50.9,3
330,2024-06-15,RMG Research,NV,Mixed,LV,1193,2.8,43.2,51.3,5.5
331,2024-06-15,Emerson,MI,Mixed,RV,1022,3.1,43.3,49.3,7.3
332,2024-06-16,Emerson,AZ,Mixed,RV,1124,2.9,51.1,47,1.9
333,2024-06-16,Emerson,MI,Mixed,RV,945,3.2,52.6,41.7,5.8
334,2024-06-16,Emerson,NAT,Mixed,RV,828,3.4,47,46.8,6.2
335,2024-06-16,Emerson,GA,Mixed,LV,1139,2.9,45.8,48.8,5.4
336,2024-06-16,YouGov,PA,Online,RV,955,3.2,45.3,49.2,5.6
337,2024-06-16,YouGov,GA,Online,RV,945,3.2,47.4,49.3,3.3
338,2024-06-16,RMG Research,NV,Mixed,RV,1130,2.9,47.3,46,6.8
339,2024-06-17,Morning Consult,GA,Online,RV,1021,3.1,50.4,45.8,3.8
340,2024-06-17,Emerson,WI,Mixed,LV,996,3.1,45.5,49.3,5.2
341,2024-06-17,YouGov,PA,Online,RV,856,3.3,48.9,44.4,6.7
342,2024-06-17,Morning Consult,NAT,Online,RV,1070,3,47.3,49.1,3.6
343,2024-06-17,Siena College,PA,Phone,LV,1155,2.9,42.7,50.1,7.1
344,2024-06-17,Emerson,PA,Mixed,RV,1017,3.1,48,45.4,6.7
345,2024-06-19,Emerson,AZ,Mixed,RV,988,3.1,49.9,47.5,2.5
346,2024-06-19,Siena College,GA,Phone,RV,1087,3,45.6,47.7,6.7
347,2024-06-19,RMG Research,PA,Mixed,RV,916,3.2,51,43.3,5.7
348,2024-06-19,Emerson,PA,Mixed,LV,1091,3,48.8,45.9,5.3
349,2024-06-19,Morning Consult,MI,Online,RV,987,3.1,48.2,45.8,6.1
350,2024-06-19,YouGov,AZ,Online,RV,821,3.4,56.2,39.8,4
351,2024-06-19,YouGov,WI,Online,RV,843,3.4,51.5,47.3,1.2
352,2024-06-19,RMG Research,MI,Mixed,LV,829,3.4,45.5,49.2,5.3
353,2024-06-20,RMG Research,NV,Mixed,RV,1179,2.9,44.9,49,6.1
354,2024-06-20,Emerson,MI,Mixed,RV,955,3.2,49.7,47.8,2.5
355,2024-06-20,Morning Consult,NAT,Online,RV,837,3.4,48.7,49.1,2.2
356,2024-06-20,YouGov,WI,Online,RV,946,3.2,49.6,45.9,4.5
357,2024-06-20,Siena College,GA,Phone,RV,1082,3,43.5,50,6.4
358,2024-06-20,Siena College,AZ,Phone,RV,1018,3.1,48,44.5,7.5
359,2024-06-20,Siena College,WI,Phone,LV,1070,3,51.4,45.6,3
360,2024-06-20,Morning Consult,WI,Online,RV,1022,3.1,49.5,47.8,2.7
361,2024-06-21,Morning Consult,PA,Online,LV,1166,2.9,58.1,39.1,2.7
362,2024-06-21,RMG Research,NV,Mixed,RV,1078,3,41.9,51.8,6.4
363,2024-06-21,Siena College,NAT,Phone,LV,977,3.1,49.6,44,6.4
364,2024-06-21,Morning Consult,MI,Online,RV,932,3.2,48.9,47.2,3.9
365,2024-06-21,Emerson,MI,Mixed,LV,1074,3,51.1,42.5,6.3
366,2024-06-22,Emerson,PA,Mixed,RV,953,3.2,46.4,48.1,5.6
367,2024-06-22,Siena College,GA,Phone,RV,1014,3.1,50.3,46.1,3.6
368,2024-06-22,Morning Consult,WI,Online,RV,1046,3,50.2,45,4.8
369,2024-06-22,Siena College,NV,Phone,LV,1066,3,45.8,45.7,8.5
370,2024-06-22,RMG Research,NAT,Mixed,RV,915,3.2,51.6,44.7,3.6
371,2024-06-23,YouGov,GA,Online,LV,1056,3,47.4,48.4,4.2
372,2024-06-23,YouGov,PA,Online,LV,1122,2.9,49.4,46.2,4.4
373,2024-06-23,Morning Consult,AZ,Online,RV,978,3.1,44.8,51.7,3.5
374,2024-06-23,YouGov,AZ,Online,RV,1065,3,49.8,46.6,3.6
375,2024-06-23,Siena College,PA,Phone,LV,1071,3,48.5,48.8,2.7
376,2024-06-24,YouGov,PA,Online,RV,951,3.2,50.5,44.6,4.9
377,2024-06-24,Morning Consult,NV,Online,RV,1071,3,45.1,46.3,8.6
378,2024-06-24,RMG Research,AZ,Mixed,LV,940,3.2,49.5,45.2,5.3
379,2024-06-24,Morning Consult,NV,Online,RV,975,3.1,46.8,48,5.2
380,2024-06-24,Emerson,NAT,Mixed,RV,895,3.3,51.9,46.8,1.3
381,2024-06-25,Siena College,GA,Phone,RV,1001,3.1,44.7,52,3.2
382,2024-06-25,YouGov,GA,Online,RV,1024,3.1,51.8,44.5,3.7
383,2024-06-25,RMG Research,WI,Mixed,RV,978,3.1,45.5,49.2,5.4
384,2024-06-25,Emerson,NV,Mixed,RV,863,3.3,44.1,49.3,6.6
385,2024-06-25,YouGov,NV,Online,LV,860,3.3,44.9,45.4,9.7
386,2024-06-25,Emerson,NAT,Mixed,RV,1027,3.1,49.9,44.9,5.2
387,2024-06-26,YouGov,MI,Online,RV,1113,2.9,45.7,47.2,7.2
388,2024-06-26,Siena College,AZ,Phone,RV,1045,3,49.6,47.1,3.2
389,2024-06-26,Siena College,PA,Phone,RV,994,3.1,49.6,47.1,3.2
390,2024-06-27,YouGov,NAT,Online,RV,965,3.2,46.7,51.1,2.2
391,2024-06-27,YouGov,GA,Online,LV,1083,3,43.7,49.6,6.6
392,2024-06-27,Morning Consult,NV,Online,RV,915,3.2,46.8,46.3,6.9
393,2024-06-27,Siena College,GA,Phone,RV,1154,2.9,48.3,42.5,9.2
394,2024-06-28,Emerson,MI,Mixed,RV,860,3.3,46.1,46.4,7.4
395,2024-06-28,YouGov,PA,Online,LV,915,3.2,52.3,41.5,6.2
396,2024-06-28,Emerson,NAT,Mixed,RV,818,3.4,45.8,49.1,5.1
397,2024-06-28,YouGov,NAT,Online,RV,913,3.2,47,44.7,8.3
398,2024-06-28,Emerson,WI,Mixed,LV,891,3.3,47.7,48.1,4.2
399,2024-06-28,Morning Consult,MI,Online,RV,1001,3.1,53,43.4,3.5
400,2024-06-29,YouGov,NV,Online,LV,1108,2.9,46.5,48.6,4.9
401,2024-06-29,Morning Consult,NAT,Online,LV,957,3.2,47.6,45,7.5
402,2024-06-29,Morning Consult,NV,Online,LV,895,3.3,43.7,52.7,3.6
403,2024-06-29,Emerson,NV,Mixed,RV,889,3.3,50.6,45.3,4.1
404,2024-06-29,RMG Research,WI,Mixed,RV,1023,3.1,52.2,45.1,2.6
405,2024-06-30,Emerson,WI,Mixed,LV,951,3.2,49.6,44,6.3
406,2024-06-30,Siena College,NV,Phone,LV,873,3.3,47.7,48.7,3.6
407,2024-06-30,Morning Consult,NV,Online,RV,1169,2.9,50.2,46.6,3.3
408,2024-07-01,Emerson,WI,Mixed,RV,970,3.1,45.8,48.4,5.8
409,2024-07-01,RMG Research,NAT,Mixed,LV,1222,2.8,45.9,48.6,5.5
410,2024-07-01,RMG Research,AZ,Mixed,LV,1250,2.8,49.9,44.4,5.7
411,2024-07-01,RMG Research,PA,Mixed,RV,897,3.3,52.2,44.5,3.4
412,2024-07-01,Siena College,WI,Phone,LV,1016,3.1,51,44,5
413,2024-07-01,Siena College,NAT,Phone,RV,1010,3.1,50.7,44.1,5.2
414,2024-07-02,Morning Consult,MI,Online,RV,1177,2.9,46.6,47.7,5.7
415,2024-07-02,RMG Research,MI,Mixed,RV,1017,3.1,48.5,45.4,6.1
416,2024-07-02,YouGov,AZ,Online,RV,924,3.2,45.4,49.5,5.1
417,2024-07-03,YouGov,GA,Online,RV,911,3.2,44.4,52.8,2.8
418,2024-07-03,Emerson,PA,Mixed,RV,968,3.1,53.4,45.9,0.7
419,2024-07-03,Emerson,WI,Mixed,LV,957,3.2,47.1,50.9,2
420,2024-07-03,YouGov,WI,Online,RV,1050,3,50.2,44.6,5.2
421,2024-07-04,YouGov,GA,Online,LV,1005,3.1,39.8,56.9,3.3
422,2024-07-04,Morning Consult,MI,Online,LV,1139,2.9,47.9,49.1,2.9
423,2024-07-04,Emerson,AZ,Mixed,RV,1141,2.9,44.6,48.4,7
424,2024-07-04,Siena College,NAT,Phone,LV,957,3.2,49.3,45.8,4.8
425,2024-07-04,YouGov,PA,Online,LV,866,3.3,48.1,46.7,5.2
426,2024-07-05,Emerson,WI,Mixed,LV,1146,2.9,50.3,43.8,6
427,2024-07-05,Siena College,GA,Phone,RV,1092,3,46,48.1,5.9
428,2024-07-05,RMG Research,MI,Mixed,RV,857,3.3,51.7,44.1,4.2
429,2024-07-06,Emerson,NV,Mixed,LV,921,3.2,45.4,52.5,2.1
430,2024-07-06,YouGov,WI,Online,RV,988,3.1,44.2,49.1,6.7
431,2024-07-06,Emerson,NV,Mixed,LV,987,3.1,44.1,52.4,3.5
432,2024-07-06,RMG Research,PA,Mixed,LV,1107,2.9,46.9,48.2,4.9
433,2024-07-06,Siena College,MI,Phone,RV,1115,2.9,51.3,43.9,4.8
434,2024-07-07,RMG Research,NAT,Mixed,RV,775,3.5,46.9,46.4,6.7
435,2024-07-07,Siena College,PA,Phone,RV,1069,3,48.2,43.3,8.4
436,2024-07-07,YouGov,AZ,Online,RV,954,3.2,48.7,48.5,2.8
437,2024-07-07,YouGov,WI,Online,RV,1074,3,46.8,46.9,6.4
438,2024-07-08,Emerson,NAT,Mixed,RV,986,3.1,47.7,49.8,2.5
439,2024-07-08,YouGov,MI,Online,RV,1072,3,53.8,42.8,3.4
440,2024-07-08,RMG Research,NV,Mixed,RV,1052,3,43,50.1,6.9
441,2024-07-08,Emerson,WI,Mixed,RV,1008,3.1,48.6,45.9,5.5
442,2024-07-08,Morning Consult,AZ,Online,LV,944,3.2,43.9,53.8,2.3
443,2024-07-08,Morning Consult,NAT,Online,RV,1029,3.1,46.9,48.6,4.5
444,2024-07-09,Siena College,NAT,Phone,RV,888,3.3,49.2,45,5.8
445,2024-07-09,YouGov,AZ,Online,LV,900,3.3,46.1,49.1,4.8
446,2024-07-09,Emerson,PA,Mixed,RV,963,3.2,47.6,45.1,7.3
447,2024-07-09,Emerson,AZ,Mixed,LV,1045,3,46.6,45.7,7.6
448,2024-07-09,Morning Consult,PA,Online,RV,1017,3.1,49,47.2,3.8
449,2024-07-09,YouGov,MI,Online,RV,813,3.4,45,49.8,5.1
450,2024-07-09,Siena College,NAT,Phone,RV,890,3.3,48,48.7,3.3
451,2024-07-09,Morning Consult,NV,Online,RV,1095,3,46.9,44.5,8.6
452,2024-07-10,Morning Consult,WI,Online,RV,1129,2.9,44.4,49.2,6.4
453,2024-07-10,RMG Research,NAT,Mixed,LV,803,3.5,46.8,47.7,5.5
454,2024-07-10,Morning Consult,AZ,Online,RV,996,3.1,45.7,50.8,3.4
455,2024-07-10,YouGov,NAT,Online,LV,894,3.3,48.3,47.3,4.4
456,2024-07-11,Siena College,MI,Phone,RV,1075,3,51.1,42,6.9
457,2024-07-12,Morning Consult,NV,Online,RV,1022,3.1,48.5,48.5,3
458,2024-07-12,Siena College,GA,Phone,RV,1130,2.9,47.5,50.3,2.2
459,2024-07-12,RMG Research,AZ,Mixed,RV,992,3.1,44.4,50.4,5.2
460,2024-07-12,RMG Research,NAT,Mixed,RV,825,3.4,46.9,47.2,6
461,2024-07-12,Morning Consult,GA,Online,LV,983,3.1,44.4,50.9,4.8
462,2024-07-12,RMG Research,MI,Mixed,RV,994,3.1,45.9,44.7,9.3
463,2024-07-12,RMG Research,MI,Mixed,LV,1016,3.1,49.1,45.1,5.8
464,2024-07-13,RMG Research,WI,Mixed,RV,919,3.2,46,51.8,2.2
465,2024-07-13,RMG Research,NV,Mixed,LV,994,3.1,47.5,47.4,5.1
466,2024-07-13,Morning Consult,WI,Online,LV,1041,3,48.2,46.2,5.6
467,2024-07-13,Morning Consult,NAT,Online,LV,1066,3,46.4,47.1,6.4
468,2024-07-13,Morning Consult,MI,Online,RV,1031,3.1,46.1,48.4,5.5
469,2024-07-14,Siena College,NAT,Phone,LV,1042,3,50.9,45.1,4
470,2024-07-14,Morning Consult,MI,Online,RV,933,3.2,46.4,49.4,4.2
471,2024-07-14,RMG Research,GA,Mixed,RV,887,3.3,42.7,48.6,8.7
472,2024-07-14,RMG Research,AZ,Mixed,LV,962,3.2,48.3,46.4,5.3
473,2024-07-14,Emerson,WI,Mixed,LV,867,3.3,47.3,47.5,5.2
474,2024-07-14,Morning Consult,GA,Online,RV,924,3.2,48.1,46.5,5.4
475,2024-07-15,Morning Consult,NV,Online,LV,946,3.2,47.8,47,5.3
476,2024-07-15,Emerson,MI,Mixed,LV,940,3.2,46.1,49.8,4.2
477,2024-07-15,Siena College,AZ,Phone,RV,1121,2.9,47.3,47.3,5.4
478,2024-07-16,Morning Consult,MI,Online,RV,983,3.1,46,45.3,8.7
479,2024-07-16,Morning Consult,NAT,Online,RV,1022,3.1,49.4,45.3,5.3
480,2024-07-16,Morning Consult,AZ,Online,RV,937,3.2,49.1,48,2.9
481,2024-07-16,YouGov,PA,Online,RV,1072,3,47.2,48.1,4.7
482,2024-07-16,Emerson,NAT,Mixed,RV,1004,3.1,45.7,49.6,4.7
483,2024-07-16,RMG Research,WI,Mixed,RV,944,3.2,46.1,48.5,5.3
484,2024-07-16,Morning Consult,NAT,Online,RV,856,3.3,52.1,41,6.9
485,2024-07-16,Morning Consult,PA,Online,RV,1112,2.9,48.2,46.1,5.7
486,2024-07-16,Morning Consult,GA,Online,RV,1021,3.1,45.5,50.1,4.4
487,2024-07-16,Siena College,NV,Phone,RV,971,3.1,42.9,50.6,6.5
488,2024-07-16,Morning Consult,NAT,Online,RV,1078,3,51.9,43.3,4.9
489,2024-07-17,Emerson,MI,Mixed,RV,1042,3,47.7,48.4,4
490,2024-07-17,Morning Consult,MI,Online,RV,1150,2.9,47.2,47.5,5.3
491,2024-07-18,Siena College,PA,Phone,LV,934,3.2,45.3,48.6,6.1
492,2024-07-19,Morning Consult,GA,Online,RV,1009,3.1,43.8,51.2,5
493,2024-07-19,Morning Consult,PA,Online,RV,964,3.2,48.6,47.6,3.8
494,2024-07-19,Siena College,WI,Phone,RV,933,3.2,48.7,47.3,3.9
495,2024-07-20,Emerson,AZ,Mixed,LV,820,3.4,43.4,51.6,5
496,2024-07-20,YouGov,AZ,Online,RV,884,3.3,44.6,49.4,6
497,2024-07-20,Siena College,WI,Phone,RV,1009,3.1,47.9,46.6,5.5
498,2024-07-20,Emerson,PA,Mixed,RV,985,3.1,47,42.9,10.1
499,2024-07-20,RMG Research,AZ,Mixed,RV,990,3.1,49.9,44.3,5.8
500,2024-07-20,RMG Research,NAT,Mixed,RV,1173,2.9,47.5,47.6,4.9
501,2024-07-21,RMG Research,NV,Mixed,RV,783,3.5,43.6,50.3,6
502,2024-07-21,Emerson,AZ,Mixed,LV,1032,3.1,44.8,51.2,4
503,2024-07-21,YouGov,NAT,Online,RV,906,3.3,51.1,48.1,0.7
504,2024-07-21,Emerson,MI,Mixed,RV,1056,3,54.8,36,9.2
505,2024-07-21,Siena College,NAT,Phone,LV,1081,3,45.6,48.5,5.9
506,2024-07-22,Morning Consult,WI,Online,LV,829,3.4,44.5,47.8,7.7
507,2024-07-22,YouGov,PA,Online,RV,1120,2.9,48.3,46.4,5.3
508,2024-07-23,YouGov,MI,Online,RV,1008,3.1,50.6,44.2,5.3
509,2024-07-24,Emerson,NAT,Mixed,RV,950,3.2,47.7,48.3,4
510,2024-07-24,Siena College,GA,Phone,RV,1109,2.9,44.9,46.2,8.9
511,2024-07-25,YouGov,AZ,Online,LV,951,3.2,48.2,48.5,3.3
512,2024-07-25,Morning Consult,WI,Online,LV,952,3.2,47.2,49.6,3.2
513,2024-07-25,YouGov,WI,Online,RV,1037,3,49.7,44.7,5.6
514,2024-07-25,Siena College,PA,Phone,RV,989,3.1,47.2,49.6,3.2
515,2024-07-25,Morning Consult,GA,Online,LV,930,3.2,44.2,48,7.8
516,2024-07-26,Emerson,AZ,Mixed,RV,904,3.3,42.5,55.3,2.2
517,2024-07-26,Emerson,NAT,Mixed,LV,1226,2.8,45.5,53.6,0.9
518,2024-07-26,Morning Consult,AZ,Online,LV,1020,3.1,47.6,51.8,0.6
519,2024-07-26,YouGov,AZ,Online,RV,916,3.2,43.8,49.6,6.6
520,2024-07-26,YouGov,NV,Online,RV,914,3.2,44.1,52.5,3.4
521,2024-07-26,Emerson,GA,Mixed,RV,1030,3.1,43.6,49.1,7.3
522,2024-07-26,Morning Consult,PA,Online,RV,1112,2.9,48.2,45.8,6.1
523,2024-07-26,Siena College,MI,Phone,RV,1011,3.1,52.3,40.2,7.4
524,2024-07-26,RMG Research,GA,Mixed,RV,1159,2.9,45.8,51.1,3.1
525,2024-07-27,Morning Consult,WI,Online,RV,1137,2.9,52,44.2,3.8
526,2024-07-27,YouGov,NV,Online,LV,948,3.2,45.5,48,6.6
527,2024-07-27,Emerson,MI,Mixed,RV,994,3.1,47,48.3,4.7
528,2024-07-27,Siena College,AZ,Phone,RV,894,3.3,44.8,50.2,5.1
529,2024-07-27,Morning Consult,WI,Online,RV,984,3.1,48.7,43.6,7.7
530,2024-07-27,Morning Consult,NAT,Online,RV,904,3.3,46.7,48.6,4.7
531,2024-07-27,RMG Research,NAT,Mixed,RV,1018,3.1,47.7,49.9,2.4
532,2024-07-28,Morning Consult,PA,Online,LV,1117,2.9,46.3,47.4,6.3
533,2024-07-28,Morning Consult,NAT,Online,RV,1153,2.9,49.8,44.3,5.9
534,2024-07-28,Morning Consult,GA,Online,RV,1119,2.9,50.7,43.7,5.6
535,2024-07-29,Emerson,NV,Mixed,RV,1068,3,45.4,45.9,8.7
536,2024-07-29,Emerson,NAT,Mixed,RV,926,3.2,41.9,55.3,2.8
537,2024-07-29,YouGov,GA,Online,RV,1074,3,50.2,45.7,4.1
538,2024-07-29,RMG Research,PA,Mixed,RV,985,3.1,48.7,45.2,6.2
539,2024-07-29,YouGov,NAT,Online,RV,1027,3.1,45.8,50.6,3.6
540,2024-07-29,RMG Research,GA,Mixed,RV,927,3.2,47.9,44.3,7.8
541,2024-07-30,YouGov,NV,Online,RV,1030,3.1,41.7,49.4,8.8
542,2024-07-30,YouGov,AZ,Online,RV,814,3.4,46.7,47.7,5.6
543,2024-07-30,YouGov,WI,Online,RV,1050,3,46.5,48.8,4.8
544,2024-07-30,Siena College,NV,Phone,RV,926,3.2,45.6,49.4,5.1
545,2024-07-30,RMG Research,PA,Mixed,RV,1208,2.8,47.8,44.6,7.6
546,2024-07-30,YouGov,NV,Online,RV,1076,3,47.9,51.9,0.3
547,2024-07-30,Emerson,NAT,Mixed,RV,960,3.2,43.9,48.8,7.3
548,2024-07-31,Emerson,NAT,Mixed,RV,973,3.1,48,47,5
549,2024-07-31,RMG Research,NAT,Mixed,RV,1213,2.8,55.9,42.6,1.5
550,2024-07-31,RMG Research,AZ,Mixed,RV,1018,3.1,45.8,48.5,5.7
551,2024-07-31,YouGov,MI,Online,RV,1033,3,49.3,47.2,3.5
552,2024-07-31,YouGov,GA,Online,LV,1042,3,46.6,46.7,6.7
553,2024-08-01,Morning Consult,GA,Online,LV,742,3.6,48.8,45.9,5.3
554,2024-08-01,Siena College,NAT,Phone,LV,1056,3,48.4,48,3.7
555,2024-08-01,YouGov,WI,Online,LV,1087,3,45.8,49.5,4.8
556,2024-08-01,Morning Consult,PA,Online,LV,1132,2.9,45.1,46.5,8.4
557,2024-08-01,Morning Consult,MI,Online,RV,1182,2.9,49,46.5,4.5
558,2024-08-02,YouGov,NV,Online,RV,937,3.2,44.7,52.8,2.5
559,2024-08-02,Emerson,PA,Mixed,RV,1066,3,52.1,45.3,2.5
560,2024-08-02,Emerson,PA,Mixed,LV,1191,2.8,48.1,45.2,6.7
561,2024-08-02,YouGov,WI,Online,LV,908,3.3,47.7,46.4,5.9
562,2024-08-02,Siena College,AZ,Phone,LV,882,3.3,45.7,48.6,5.6
563,2024-08-03,Siena College,NV,Phone,LV,981,3.1,46.7,50.9,2.4
564,2024-08-03,Morning Consult,MI,Online,LV,1036,3,48.4,48.6,2.9
565,2024-08-03,Morning Consult,NV,Online,RV,695,3.7,47.5,47.4,5.1
566,2024-08-03,Siena College,WI,Phone,RV,998,3.1,50.2,44.4,5.4
567,2024-08-03,YouGov,PA,Online,LV,937,3.2,47.7,46.1,6.2
568,2024-08-03,RMG Research,GA,Mixed,LV,1078,3,50,43.8,6.2
569,2024-08-03,Morning Consult,PA,Online,RV,874,3.3,46.3,45.4,8.3
570,2024-08-03,Emerson,AZ,Mixed,LV,1095,3,47.8,46.6,5.5
571,2024-08-03,Emerson,NV,Mixed,LV,1116,2.9,46.4,48.9,4.7
572,2024-08-03,Emerson,MI,Mixed,RV,963,3.2,51.1,46.4,2.5
573,2024-08-04,RMG Research,AZ,Mixed,LV,1070,3,49.2,46.6,4.2
574,2024-08-04,Emerson,NAT,Mixed,LV,1057,3,43.4,52.5,4.1
575,2024-08-04,YouGov,NV,Online,RV,992,3.1,46.2,50,3.8
576,2024-08-04,RMG Research,GA,Mixed,LV,864,3.3,45.1,47.8,7.1
577,2024-08-05,Emerson,GA,Mixed,LV,1118,2.9,48.8,44.5,6.7
578,2024-08-05,Emerson,MI,Mixed,LV,1020,3.1,45.9,48.3,5.9
579,2024-08-05,RMG Research,GA,Mixed,LV,1044,3,46,47.2,6.8
580,2024-08-05,RMG Research,GA,Mixed,RV,1082,3,48.4,48.6,2.9
581,2024-08-05,YouGov,WI,Online,RV,858,3.3,47.1,45.7,7.2
582,2024-08-05,Morning Consult,GA,Online,RV,987,3.1,47.8,47.5,4.8
583,2024-08-06,Emerson,PA,Mixed,LV,1020,3.1,49.4,49.2,1.4
584,2024-08-06,YouGov,NAT,Online,LV,885,3.3,52,45.7,2.3
585,2024-08-06,Morning Consult,NAT,Online,RV,991,3.1,44.6,46.4,9
586,2024-08-06,Siena College,AZ,Phone,RV,823,3.4,45.9,48.1,6
587,2024-08-06,YouGov,MI,Online,LV,997,3.1,47.5,46.2,6.3
588,2024-08-07,RMG Research,PA,Mixed,LV,1159,2.9,48.8,45.4,5.9
589,2024-08-07,YouGov,AZ,Online,LV,986,3.1,45.3,49.4,5.3
590,2024-08-07,Siena College,MI,Phone,RV,938,3.2,50.1,44.3,5.6
591,2024-08-09,RMG Research,GA,Mixed,RV,1006,3.1,49.8,47.2,3.1
592,2024-08-09,Siena College,WI,Phone,LV,963,3.2,44.1,46.4,9.5
593,2024-08-09,Siena College,NAT,Phone,LV,1191,2.8,47.2,48.2,4.7
594,2024-08-10,Siena College,NAT,Phone,LV,755,3.6,39.8,53.5,6.7
595,2024-08-10,Morning Consult,AZ,Online,LV,1034,3,45.8,47.6,6.5
596,2024-08-11,YouGov,NAT,Online,RV,832,3.4,51.4,43.6,5
597,2024-08-11,Siena College,NAT,Phone,RV,1077,3,48.3,48.5,3.2
598,2024-08-12,Morning Consult,WI,Online,RV,1073,3,47.2,44.5,8.4
599,2024-08-12,Emerson,NAT,Mixed,LV,1064,3,53.6,43,3.4
600,2024-08-12,YouGov,NV,Online,LV,1126,2.9,51.3,46.3,2.4
601,2024-08-12,RMG Research,NAT,Mixed,LV,942,3.2,46.3,48.3,5.4
602,2024-08-12,Emerson,GA,Mixed,LV,761,3.6,45.3,46.7,8
603,2024-08-12,Emerson,NAT,Mixed,LV,840,3.4,46.1,49.5,4.4
604,2024-08-12,Siena College,GA,Phone,LV,1178,2.9,47.2,47.1,5.7
605,2024-08-12,Morning Consult,PA,Online,RV,882,3.3,47.7,46.4,5.8
606,2024-08-13,YouGov,AZ,Online,LV,1097,3,46.4,49.6,4
607,2024-08-13,Morning Consult,WI,Online,LV,833,3.4,44.6,49.8,5.6
608,2024-08-14,YouGov,GA,Online,LV,1020,3.1,50.9,47,2.1
609,2024-08-14,Siena College,WI,Phone,RV,1079,3,51,44.2,4.8
610,2024-08-14,Siena College,GA,Phone,LV,928,3.2,48.2,49.7,2.2
611,2024-08-15,Siena College,MI,Phone,RV,811,3.4,48.8,42.5,8.7
612,2024-08-15,YouGov,MI,Online,RV,1012,3.1,46.7,50.9,2.4
613,2024-08-16,Morning Consult,PA,Online,LV,884,3.3,52.2,41.6,6.1
614,2024-08-16,YouGov,NV,Online,RV,1041,3,45.3,48.5,6.2
615,2024-08-16,RMG Research,AZ,Mixed,RV,932,3.2,49.1,48,2.9
616,2024-08-16,YouGov,AZ,Online,LV,882,3.3,46.6,51.9,1.6
617,2024-08-16,RMG Research,WI,Mixed,LV,960,3.2,44.3,46.7,9
618,2024-08-17,RMG Research,MI,Mixed,LV,993,3.1,45.9,48.1,6
619,2024-08-17,Siena College,MI,Phone,LV,1048,3,45.6,51.3,3.2
620,2024-08-17,Morning Consult,PA,Online,RV,1160,2.9,53.1,45.2,1.7
621,2024-08-17,Emerson,GA,Mixed,LV,1084,3,48,45.2,6.8
622,2024-08-17,Emerson,NAT,Mixed,LV,961,3.2,48.9,43.7,7.4
623,2024-08-18,Morning Consult,NAT,Online,LV,1046,3,47,46.8,6.2
624,2024-08-18,Morning Consult,NAT,Online,LV,1004,3.1,46.6,47.6,5.8
625,2024-08-18,RMG Research,MI,Mixed,LV,923,3.2,46.4,47.8,5.8
626,2024-08-18,Emerson,MI,Mixed,RV,960,3.2,50.9,40.6,8.5
627,2024-08-18,Siena College,NAT,Phone,RV,852,3.4,53.3,39.9,6.8
628,2024-08-18,Morning Consult,AZ,Online,RV,772,3.5,45.8,43.8,10.5
629,2024-08-18,YouGov,NV,Online,LV,1111,2.9,49.7,42.9,7.4
630,2024-08-18,Morning Consult,NV,Online,RV,1203,2.8,42.5,51.3,6.1
631,2024-08-19,Morning Consult,NAT,Online,RV,976,3.1,44.8,50.5,4.7
632,2024-08-20,Siena College,GA,Phone,LV,899,3.3,48.1,49,2.9
633,2024-08-20,Emerson,GA,Mixed,LV,1147,2.9,43,50.6,6.4
634,2024-08-21,Morning Consult,PA,Online,LV,1042,3,49.9,44.9,5.2
635,2024-08-21,YouGov,AZ,Online,RV,950,3.2,47.2,50.7,2.1
636,2024-08-21,RMG Research,NAT,Mixed,RV,1038,3,50.8,46.1,3.1
637,2024-08-21,Emerson,NAT,Mixed,LV,738,3.6,45.5,48.5,6
638,2024-08-21,Morning Consult,NAT,Online,RV,1190,2.8,50.2,43.5,6.3
639,2024-08-21,Emerson,NAT,Mixed,LV,856,3.3,46.6,50.3,3.1
640,2024-08-21,Siena College,NAT,Phone,RV,849,3.4,48.2,44.2,7.6
641,2024-08-21,RMG Research,NAT,Mixed,RV,941,3.2,53.2,44.2,2.6
642,2024-08-22,Morning Consult,AZ,Online,LV,924,3.2,46.7,49.2,4.1
643,2024-08-22,Emerson,MI,Mixed,LV,923,3.2,50,45.7,4.3
644,2024-08-22,Morning Consult,WI,Online,LV,934,3.2,52.8,45.7,1.5
645,2024-08-22,Morning Consult,AZ,Online,LV,1094,3,50.9,46.7,2.4
646,2024-08-23,Morning Consult,NV,Online,LV,862,3.3,44.1,53.3,2.6
647,2024-08-23,YouGov,AZ,Online,RV,1031,3.1,48.2,47,4.8
648,2024-08-23,YouGov,NAT,Online,LV,984,3.1,44.1,49.1,6.9
649,2024-08-23,YouGov,NV,Online,LV,909,3.3,40.2,51.4,8.3
650,2024-08-23,YouGov,GA,Online,LV,1081,3,43.1,52.5,4.4
651,2024-08-23,YouGov,NV,Online,LV,964,3.2,47.5,43.4,9.1
652,2024-08-24,Emerson,NV,Mixed,LV,907,3.3,46.8,47.7,5.5
653,2024-08-24,Emerson,MI,Mixed,LV,923,3.2,47.3,48.3,4.3
654,2024-08-24,Morning Consult,MI,Online,LV,952,3.2,45.6,50.5,3.8
655,2024-08-24,YouGov,PA,Online,RV,894,3.3,51.4,42.9,5.6
656,2024-08-24,Emerson,AZ,Mixed,LV,986,3.1,43.9,47,9.1
657,2024-08-25,RMG Research,MI,Mixed,RV,995,3.1,48.8,47.8,3.4
658,2024-08-25,RMG Research,NAT,Mixed,LV,988,3.1,47.8,48.3,3.9
659,2024-08-25,RMG Research,PA,Mixed,RV,1021,3.1,47.1,47.2,5.6
660,2024-08-25,YouGov,NV,Online,LV,1168,2.9,43.5,48.3,8.2
661,2024-08-25,RMG Research,NV,Mixed,RV,991,3.1,46.1,47.4,6.5
662,2024-08-26,YouGov,GA,Online,LV,1082,3,46,51,3
663,2024-08-26,Siena College,AZ,Phone,LV,980,3.1,45.6,53.2,1.2
664,2024-08-26,RMG Research,MI,Mixed,LV,975,3.1,45.1,50.3,4.6
665,2024-08-26,Emerson,NAT,Mixed,LV,994,3.1,47,45.3,7.7
666,2024-08-27,YouGov,GA,Online,LV,1014,3.1,43.5,52.7,3.9
667,2024-08-27,Emerson,GA,Mixed,LV,936,3.2,49.2,47.5,3.3
668,2024-08-27,Siena College,NAT,Phone,LV,1146,2.9,40.1,55.1,4.8
669,2024-08-27,Siena College,PA,Phone,LV,1076,3,48.9,46.7,4.4
670,2024-08-27,Emerson,NAT,Mixed,LV,1036,3,46.6,49.4,4.1
671,2024-08-27,RMG Research,MI,Mixed,LV,846,3.4,49,44.8,6.2
672,2024-08-27,RMG Research,MI,Mixed,RV,1037,3,49.5,41.8,8.7
673,2024-08-28,Emerson,MI,Mixed,LV,1043,3,49.3,46.2,4.5
674,2024-08-28,RMG Research,PA,Mixed,RV,946,3.2,46.3,50.6,3.1
675,2024-08-28,Emerson,GA,Mixed,RV,1103,3,52.8,45.4,1.8
676,2024-08-28,Emerson,NV,Mixed,LV,1290,2.7,46,48.4,5.6
677,2024-08-28,RMG Research,PA,Mixed,LV,1059,3,47.9,49.8,2.3
678,2024-08-28,Morning Consult,GA,Online,RV,1148,2.9,49.4,46.4,4.2
679,2024-08-28,Morning Consult,GA,Online,LV,953,3.2,51.8,41.6,6.6
680,2024-08-28,Siena College,MI,Phone,LV,1078,3,48.4,47.5,4.1
681,2024-08-28,Morning Consult,PA,Online,LV,975,3.1,51.2,45.6,3.2
682,2024-08-28,Siena College,GA,Phone,LV,1206,2.8,46.7,48.9,4.4
683,2024-08-29,Siena College,NAT,Phone,LV,1039,3,45.2,48.9,5.9
684,2024-08-29,YouGov,NAT,Online,LV,1146,2.9,47.8,48.6,3.6
685,2024-08-29,Siena College,NV,Phone,LV,899,3.3,48.2,46.4,5.4
686,2024-08-29,Morning Consult,PA,Online,LV,925,3.2,46.9,48.3,4.8
687,2024-08-29,YouGov,AZ,Online,RV,868,3.3,50.3,43.8,5.9
688,2024-08-29,Siena College,WI,Phone,RV,1178,2.9,45.7,48.6,5.6
689,2024-08-29,Emerson,NAT,Mixed,RV,1145,2.9,46.5,47.6,5.9
690,2024-08-29,Emerson,AZ,Mixed,RV,987,3.1,45.8,51.6,2.6
691,2024-08-29,RMG Research,AZ,Mixed,LV,900,3.3,46.5,46.9,6.6
692,2024-08-29,Emerson,GA,Mixed,LV,1056,3,47.7,50.3,2
693,2024-08-30,RMG Research,GA,Mixed,LV,1035,3,45.4,48.6,6
694,2024-08-30,Siena College,MI,Phone,LV,1133,2.9,44.9,49.1,6
695,2024-08-30,YouGov,GA,Online,LV,869,3.3,47.5,47.6,4.9
696,2024-08-30,YouGov,AZ,Online,LV,891,3.3,48.7,45.2,6.1
697,2024-08-30,Siena College,PA,Phone,LV,846,3.4,46.6,50.2,3.2
698,2024-08-31,YouGov,MI,Online,LV,1123,2.9,51.3,43.6,5.2
699,2024-08-31,Morning Consult,GA,Online,LV,1119,2.9,44.6,49.7,5.7
700,2024-08-31,YouGov,GA,Online,LV,1067,3,45.6,49.8,4.7
701,2024-08-31,Siena College,WI,Phone,LV,989,3.1,48.4,47.1,4.6
702,2024-08-31,RMG Research,NV,Mixed,RV,999,3.1,45.5,46.3,8.2
703,2024-08-31,Siena College,GA,Phone,LV,1140,2.9,47.9,49.3,2.7
704,2024-09-01,Emerson,WI,Mixed,LV,1008,3.1,48,47.5,4.5
705,2024-09-01,Morning Consult,NAT,Online,LV,918,3.2,47.9,47.8,4.3
706,2024-09-01,Morning Consult,GA,Online,LV,858,3.3,44.6,51.2,4.2
707,2024-09-01,Emerson,NAT,Mixed,LV,1068,3,49.4,45.8,4.8
708,2024-09-01,Emerson,PA,Mixed,LV,1038,3,47.8,46.8,5.4
709,2024-09-01,YouGov,GA,Online,RV,1087,3,48.4,46.4,5.2
710,2024-09-01,RMG Research,WI,Mixed,LV,1013,3.1,51,49,0
711,2024-09-01,RMG Research,NAT,Mixed,LV,897,3.3,50.7,44.9,4.4
712,2024-09-02,Morning Consult,NV,Online,LV,857,3.3,46.4,48.7,4.8
713,2024-09-02,Siena College,NV,Phone,LV,845,3.4,47.4,46.3,6.3
714,2024-09-02,Emerson,NAT,Mixed,LV,1006,3.1,48,49.1,2.9
715,2024-09-02,Emerson,AZ,Mixed,RV,971,3.1,47.5,48,4.6
716,2024-09-02,Emerson,WI,Mixed,RV,819,3.4,46.7,47.1,6.1
717,2024-09-02,RMG Research,MI,Mixed,LV,892,3.3,46.7,45.3,8.1
718,2024-09-02,Morning Consult,NV,Online,RV,936,3.2,45.1,50.4,4.5
719,2024-09-03,RMG Research,PA,Mixed,LV,1037,3,45.8,46.1,8.1
720,2024-09-03,RMG Research,WI,Mixed,RV,1016,3.1,46.7,45.1,8.2
721,2024-09-03,Siena College,AZ,Phone,RV,1080,3,43.2,49.9,6.9
722,2024-09-03,RMG Research,NAT,Mixed,LV,840,3.4,46.6,47,6.4
723,2024-09-04,YouGov,AZ,Online,LV,864,3.3,45.9,50.8,3.3
724,2024-09-04,RMG Research,PA,Mixed,LV,890,3.3,44.2,49.2,6.6
725,2024-09-04,Siena College,MI,Phone,RV,1062,3,48.1,48,3.9
726,2024-09-04,RMG Research,NV,Mixed,LV,1001,3.1,46.6,50.1,3.3
727,2024-09-04,Siena College,NV,Phone,LV,1013,3.1,48.3,44.7,7
728,2024-09-04,YouGov,WI,Online,LV,1032,3.1,48.7,48.1,3.1
729,2024-09-05,Siena College,GA,Phone,RV,934,3.2,49,44.2,6.7
730,2024-09-05,Morning Consult,MI,Online,LV,882,3.3,45.2,50,4.8
731,2024-09-05,Siena College,GA,Phone,RV,959,3.2,48,43.1,8.9
732,2024-09-05,Emerson,NAT,Mixed,LV,981,3.1,46.5,52.7,0.8
733,2024-09-05,Siena College,MI,Phone,LV,959,3.2,49.6,44.1,6.3
734,2024-09-06,Emerson,NAT,Mixed,RV,1028,3.1,45.7,47.7,6.6
735,2024-09-06,RMG Research,NV,Mixed,RV,1197,2.8,48.7,43.4,7.9
736,2024-09-06,YouGov,NAT,Online,LV,1016,3.1,47.2,50.5,2.3
737,2024-09-06,RMG Research,WI,Mixed,LV,988,3.1,47.5,48.2,4.3
738,2024-09-06,Siena College,PA,Phone,RV,1006,3.1,45.2,48.8,6
739,2024-09-07,YouGov,NV,Online,LV,1124,2.9,48.4,45.8,5.8
740,2024-09-07,RMG Research,AZ,Mixed,LV,842,3.4,45,46.5,8.5
741,2024-09-07,Siena College,GA,Phone,LV,893,3.3,52.1,47.1,0.7
742,2024-09-07,Morning Consult,PA,Online,RV,1002,3.1,51.6,48,0.4
743,2024-09-07,Morning Consult,GA,Online,RV,1037,3,46.8,48.4,4.8
744,2024-09-07,Morning Consult,AZ,Online,RV,852,3.4,48.4,47.4,4.2
745,2024-09-07,Emerson,WI,Mixed,LV,1244,2.8,42.1,49.4,8.5
746,2024-09-08,YouGov,PA,Online,LV,1104,2.9,49.4,46.8,3.8
747,2024-09-08,YouGov,AZ,Online,LV,873,3.3,44.1,52.1,3.8
748,2024-09-08,Siena College,MI,Phone,LV,1001,3.1,48.4,46,5.6
749,2024-09-08,Morning Consult,NAT,Online,RV,1050,3,51.4,39.9,8.7
750,2024-09-08,YouGov,NV,Online,LV,971,3.1,45.1,49.7,5.2
751,2024-09-08,RMG Research,PA,Mixed,LV,1078,3,44.3,48,7.6
752,2024-09-09,Emerson,NV,Mixed,LV,1017,3.1,50.2,45.1,4.7
753,2024-09-09,RMG Research,MI,Mixed,RV,1105,2.9,49.6,45.7,4.7
754,2024-09-09,Emerson,MI,Mixed,RV,1005,3.1,48,48.4,3.5
755,2024-09-09,Morning Consult,NV,Online,LV,1134,2.9,44.4,46.6,9
756,2024-09-09,RMG Research,AZ,Mixed,LV,952,3.2,47.6,47.7,4.7
757,2024-09-09,RMG Research,NAT,Mixed,LV,1125,2.9,51.4,43,5.6
758,2024-09-09,Morning Consult,PA,Online,LV,1003,3.1,53.2,45.1,1.7
759,2024-09-09,Siena College,MI,Phone,LV,1011,3.1,50.2,46.3,3.6
760,2024-09-09,Siena College,NV,Phone,LV,898,3.3,43.2,52.4,4.5
761,2024-09-09,RMG Research,NAT,Mixed,RV,1103,3,46.3,46.5,7.2
762,2024-09-09,Siena College,PA,Phone,LV,965,3.2,48,48,4
763,2024-09-09,Morning Consult,MI,Online,RV,978,3.1,47.9,47,5.1
764,2024-09-10,RMG Research,NAT,Mixed,LV,1031,3.1,46.4,51.5,2
765,2024-09-10,RMG Research,NAT,Mixed,LV,846,3.4,45.2,52.3,2.6
766,2024-09-10,YouGov,NAT,Online,RV,953,3.2,48.2,46.9,4.9
767,2024-09-10,Morning Consult,AZ,Online,LV,916,3.2,50.9,46.8,2.3
768,2024-09-10,YouGov,AZ,Online,RV,1031,3.1,46.8,50.2,3
769,2024-09-11,RMG Research,AZ,Mixed,RV,801,3.5,48.4,49.7,1.9
770,2024-09-11,Siena College,GA,Phone,LV,880,3.3,45.4,48.5,6.1
771,2024-09-11,YouGov,NV,Online,LV,1089,3,44.7,51,4.4
772,2024-09-11,Siena College,NV,Phone,LV,993,3.1,48.5,46.1,5.4
773,2024-09-11,RMG Research,NV,Mixed,RV,866,3.3,47,53,0
774,2024-09-12,YouGov,MI,Online,LV,904,3.3,49.3,48,2.8
775,2024-09-12,Morning Consult,GA,Online,LV,1088,3,46.8,47.8,5.4
776,2024-09-12,RMG Research,NV,Mixed,LV,985,3.1,41.5,51.5,7
777,2024-09-12,Siena College,WI,Phone,LV,969,3.1,46.6,46.7,6.7
778,2024-09-12,Morning Consult,NV,Online,LV,829,3.4,43.6,48.5,8
779,2024-09-13,YouGov,NV,Online,LV,1011,3.1,46.3,53.7,0
780,2024-09-13,Morning Consult,WI,Online,LV,1025,3.1,48.6,45,6.5
781,2024-09-13,Emerson,NAT,Mixed,LV,958,3.2,48.5,47.6,3.9
782,2024-09-13,Emerson,NAT,Mixed,LV,1100,3,46.8,47.3,5.9
783,2024-09-13,Siena College,NAT,Phone,LV,1022,3.1,47.9,50.1,2
784,2024-09-13,Siena College,NAT,Phone,RV,951,3.2,49.2,47.3,3.5
785,2024-09-13,YouGov,NV,Online,RV,1171,2.9,44.6,47.9,7.5
786,2024-09-13,RMG Research,GA,Mixed,LV,1051,3,47.8,44.5,7.7
787,2024-09-13,Emerson,AZ,Mixed,LV,996,3.1,46.4,48.1,5.5
788,2024-09-14,RMG Research,NV,Mixed,LV,931,3.2,46.4,51,2.5
789,2024-09-14,Siena College,MI,Phone,LV,1079,3,48.7,44.9,6.5
790,2024-09-14,Siena College,AZ,Phone,LV,1121,2.9,47.4,45.1,7.5
791,2024-09-14,Siena College,AZ,Phone,LV,979,3.1,49,45.7,5.3
792,2024-09-14,Morning Consult,NAT,Online,LV,1223,2.8,45.1,50.2,4.7
793,2024-09-14,Siena College,NV,Phone,LV,1044,3,43.6,52.2,4.2
794,2024-09-14,RMG Research,GA,Mixed,RV,1023,3.1,44.1,52.2,3.8
795,2024-09-14,Emerson,WI,Mixed,RV,930,3.2,45,50.6,4.3
796,2024-09-14,Siena College,PA,Phone,LV,1094,3,44.2,51.9,3.9
797,2024-09-15,Morning Consult,PA,Online,LV,930,3.2,45.1,50.4,4.4
798,2024-09-15,Siena College,WI,Phone,LV,893,3.3,50.1,45.3,4.6
799,2024-09-15,YouGov,PA,Online,LV,1007,3.1,44.1,54,1.9
800,2024-09-15,YouGov,WI,Online,LV,977,3.1,45.7,46.6,7.7
801,2024-09-16,YouGov,NV,Online,RV,922,3.2,41.6,51.7,6.7
802,2024-09-16,Emerson,MI,Mixed,LV,1130,2.9,46.9,44.4,8.7
803,2024-09-16,Emerson,PA,Mixed,LV,1080,3,45.2,49.4,5.4
804,2024-09-16,RMG Research,NV,Mixed,LV,985,3.1,42.6,49.8,7.6
805,2024-09-16,Siena College,NAT,Phone,LV,1045,3,45.9,48.9,5.3
806,2024-09-16,RMG Research,GA,Mixed,LV,1171,2.9,44.2,55.5,0.3
807,2024-09-16,Emerson,NV,Mixed,LV,1095,3,42.1,51.7,6.1
808,2024-09-16,Siena College,AZ,Phone,LV,1155,2.9,44.6,51.4,3.9
809,2024-09-17,YouGov,GA,Online,RV,990,3.1,45.3,49.8,4.9
810,2024-09-17,Morning Consult,NAT,Online,RV,967,3.2,46.9,50.2,2.8
811,2024-09-17,RMG Research,NV,Mixed,RV,1000,3.1,50.1,49.9,0
812,2024-09-17,YouGov,NV,Online,LV,1029,3.1,46.7,49.6,3.7
813,2024-09-17,Morning Consult,MI,Online,LV,1053,3,45.8,49.4,4.8
814,2024-09-17,Morning Consult,WI,Online,LV,983,3.1,47.8,46,6.2
815,2024-09-17,YouGov,AZ,Online,LV,1017,3.1,47.8,46.8,5.4
816,2024-09-17,Morning Consult,MI,Online,LV,1086,3,48.8,44.3,6.9
817,2024-09-18,RMG Research,NAT,Mixed,LV,928,3.2,48,45.6,6.4
818,2024-09-18,Emerson,MI,Mixed,RV,828,3.4,47.9,50.5,1.6
819,2024-09-18,YouGov,NV,Online,LV,1002,3.1,46.5,46.3,7.3
820,2024-09-18,YouGov,AZ,Online,RV,1032,3.1,40.3,50.4,9.3
821,2024-09-19,RMG Research,PA,Mixed,LV,918,3.2,49.4,44.7,5.8
822,2024-09-19,Siena College,AZ,Phone,LV,925,3.2,46.5,51.8,1.7
823,2024-09-20,Emerson,NAT,Mixed,RV,1058,3,44.8,47.1,8.1
824,2024-09-20,RMG Research,PA,Mixed,RV,921,3.2,52.3,46,1.6
825,2024-09-21,Siena College,AZ,Phone,LV,1006,3.1,47.4,47.4,5.2
826,2024-09-21,YouGov,GA,Online,LV,871,3.3,48.2,46.6,5.2
827,2024-09-21,YouGov,GA,Online,LV,898,3.3,43.6,51.2,5.3
828,2024-09-21,RMG Research,NAT,Mixed,LV,1071,3,46.1,50.2,3.7
829,2024-09-21,Siena College,NAT,Phone,LV,1068,3,50,44.3,5.7
830,2024-09-22,Morning Consult,WI,Online,LV,946,3.2,47,49.1,3.9
831,2024-09-22,Siena College,NV,Phone,RV,1079,3,45.8,52.9,1.4
832,2024-09-22,YouGov,NV,Online,LV,1110,2.9,48.6,46,5.4
833,2024-09-22,RMG Research,WI,Mixed,LV,1031,3.1,45.8,47.7,6.5
834,2024-09-22,Emerson,NV,Mixed,RV,893,3.3,50.6,44.8,4.6
835,2024-09-22,Siena College,AZ,Phone,LV,818,3.4,47.4,50.1,2.5
836,2024-09-22,Siena College,MI,Phone,LV,1124,2.9,52.8,45.3,1.9
837,2024-09-22,YouGov,NAT,Online,LV,869,3.3,47.5,46.9,5.6
838,2024-09-22,RMG Research,MI,Mixed,LV,987,3.1,46.3,49.6,4.1
839,2024-09-22,Siena College,NV,Phone,LV,861,3.3,46.5,51.5,2
840,2024-09-22,RMG Research,MI,Mixed,LV,1024,3.1,48.9,43.5,7.7
841,2024-09-22,Siena College,MI,Phone,RV,887,3.3,45.1,44.7,10.2
842,2024-09-23,RMG Research,PA,Mixed,LV,1038,3,45.6,48.4,6
843,2024-09-23,Morning Consult,WI,Online,LV,895,3.3,48.5,45.8,5.8
844,2024-09-23,RMG Research,WI,Mixed,LV,957,3.2,45.4,48,6.6
845,2024-09-23,Emerson,GA,Mixed,RV,1098,3,43.9,50.6,5.5
846,2024-09-24,Siena College,MI,Phone,RV,1110,2.9,49,46.5,4.6
847,2024-09-24,RMG Research,PA,Mixed,LV,981,3.1,43.4,49,7.5
848,2024-09-24,Emerson,PA,Mixed,RV,1094,3,47.2,46.1,6.7
849,2024-09-24,RMG Research,NAT,Mixed,LV,866,3.3,46.6,45,8.4
850,2024-09-24,RMG Research,WI,Mixed,LV,948,3.2,47.1,49.3,3.6
851,2024-09-24,Morning Consult,GA,Online,LV,1152,2.9,50.3,44.8,4.9
852,2024-09-24,Siena College,PA,Phone,LV,1005,3.1,50.2,48.8,1
853,2024-09-24,Emerson,GA,Mixed,LV,934,3.2,48.9,46.2,4.9
854,2024-09-24,Siena College,NV,Phone,RV,1150,2.9,47.6,44.6,7.8
855,2024-09-25,Morning Consult,NV,Online,LV,1048,3,48.7,47,4.3
856,2024-09-25,RMG Research,NAT,Mixed,RV,1099,3,52.3,41.5,6.2
857,2024-09-25,RMG Research,PA,Mixed,LV,906,3.3,42.6,47.9,9.6
858,2024-09-25,Siena College,WI,Phone,RV,1136,2.9,48.9,47.5,3.5
859,2024-09-25,RMG Research,PA,Mixed,RV,898,3.3,46.4,45.3,8.3
860,2024-09-25,RMG Research,MI,Mixed,RV,901,3.3,48.6,46.7,4.7
861,2024-09-26,RMG Research,GA,Mixed,RV,992,3.1,43.7,48.7,7.6
862,2024-09-26,RMG Research,WI,Mixed,RV,923,3.2,48.5,46.1,5.4
863,2024-09-26,Siena College,PA,Phone,LV,980,3.1,45.7,49.8,4.6
864,2024-09-26,Morning Consult,NAT,Online,LV,1223,2.8,45.3,47.3,7.4
865,2024-09-26,YouGov,WI,Online,LV,827,3.4,47.3,48.4,4.3
866,2024-09-26,Morning Consult,AZ,Online,RV,841,3.4,48.6,49.6,1.8
867,2024-09-26,YouGov,GA,Online,RV,1078,3,44.6,51,4.4
868,2024-09-26,Siena College,MI,Phone,RV,1104,2.9,46.2,45.6,8.2
869,2024-09-26,Emerson,AZ,Mixed,RV,1098,3,49.1,49.2,1.7
870,2024-09-27,RMG Research,GA,Mixed,LV,1018,3.1,46.6,46.8,6.7
871,2024-09-27,YouGov,NV,Online,LV,1065,3,43.4,49.3,7.3
872,2024-09-27,YouGov,MI,Online,LV,1053,3,50.7,45,4.3
873,2024-09-27,Siena College,PA,Phone,LV,867,3.3,48.4,46.3,5.3
874,2024-09-27,RMG Research,AZ,Mixed,LV,959,3.2,45.3,46.7,8
875,2024-09-27,YouGov,NV,Online,RV,1080,3,46,48.7,5.3
876,2024-09-28,YouGov,WI,Online,RV,858,3.3,51.7,43,5.3
877,2024-09-28,Siena College,AZ,Phone,LV,1089,3,42.9,50.7,6.4
878,2024-09-28,RMG Research,AZ,Mixed,LV,866,3.3,47.3,48.6,4.2
879,2024-09-28,YouGov,MI,Online,LV,931,3.2,48.2,46.6,5.2
880,2024-09-28,RMG Research,WI,Mixed,LV,943,3.2,49.5,47.6,2.9
881,2024-09-28,RMG Research,AZ,Mixed,RV,1194,2.8,47.2,47.4,5.4
882,2024-09-28,YouGov,NAT,Online,LV,777,3.5,45,49.2,5.8
883,2024-09-28,Emerson,WI,Mixed,LV,1005,3.1,45.2,49.3,5.5
884,2024-09-29,Siena College,MI,Phone,RV,1080,3,48,45.9,6.1
885,2024-09-29,Emerson,GA,Mixed,LV,985,3.1,45.8,47.5,6.7
886,2024-09-29,Emerson,NAT,Mixed,LV,1035,3,46.3,48,5.8
887,2024-09-29,YouGov,PA,Online,LV,1236,2.8,51.8,42.6,5.6
888,2024-09-29,Emerson,GA,Mixed,LV,1143,2.9,49.5,46.3,4.2
889,2024-09-29,Morning Consult,GA,Online,LV,1198,2.8,43.8,50.4,5.9
890,2024-09-29,Emerson,NAT,Mixed,LV,1158,2.9,46.6,46.8,6.5
891,2024-09-30,RMG Research,NV,Mixed,LV,1214,2.8,44.9,48.4,6.7
892,2024-09-30,Morning Consult,AZ,Online,LV,1221,2.8,46.3,52.3,1.4
893,2024-09-30,Emerson,PA,Mixed,LV,851,3.4,47.8,46,6.2
894,2024-09-30,Siena College,NAT,Phone,LV,1130,2.9,47.7,49.5,2.7
895,2024-10-01,YouGov,MI,Online,RV,1036,3,47.5,49.1,3.4
896,2024-10-01,Morning Consult,NAT,Online,LV,886,3.3,52.8,45.3,1.9
897,2024-10-01,YouGov,WI,Online,LV,797,3.5,47.7,46.2,6.1
898,2024-10-01,Siena College,GA,Phone,LV,836,3.4,44.8,48,7.2
899,2024-10-01,Emerson,GA,Mixed,LV,914,3.2,46,48.5,5.5
900,2024-10-01,Morning Consult,GA,Online,LV,1021,3.1,47.4,50.7,1.9
901,2024-10-01,Morning Consult,NAT,Online,RV,1031,3.1,45.4,51.8,2.8
902,2024-10-01,RMG Research,WI,Mixed,RV,1000,3.1,47.4,47.8,4.8
903,2024-10-02,Emerson,AZ,Mixed,LV,923,3.2,45,48.8,6.3
904,2024-10-02,Siena College,MI,Phone,LV,1096,3,48.4,44.5,7.1
905,2024-10-02,Siena College,AZ,Phone,RV,1022,3.1,49.9,44.3,5.8
906,2024-10-02,YouGov,NAT,Online,LV,1055,3,45.2,47.7,7.1
907,2024-10-02,RMG Research,WI,Mixed,LV,1010,3.1,52.3,43.3,4.3
908,2024-10-03,RMG Research,GA,Mixed,LV,904,3.3,49.3,45.3,5.4
909,2024-10-03,Morning Consult,GA,Online,LV,1113,2.9,42,50,8
910,2024-10-03,RMG Research,MI,Mixed,LV,874,3.3,45.2,46.8,8
911,2024-10-03,RMG Research,NAT,Mixed,LV,1130,2.9,52.1,46.6,1.2
912,2024-10-04,RMG Research,MI,Mixed,LV,1092,3,42,52.7,5.3
913,2024-10-04,Morning Consult,WI,Online,RV,1015,3.1,49.2,47.8,3
914,2024-10-04,RMG Research,MI,Mixed,LV,1096,3,44.9,51.8,3.2
915,2024-10-04,Siena College,NAT,Phone,LV,1090,3,47,48.7,4.3
916,2024-10-04,Siena College,GA,Phone,RV,1057,3,46.9,47.6,5.5
917,2024-10-04,Emerson,NV,Mixed,LV,914,3.2,50.1,44.8,5.1
918,2024-10-04,RMG Research,GA,Mixed,LV,986,3.1,48.3,45.1,6.6
919,2024-10-05,RMG Research,NAT,Mixed,LV,996,3.1,47.2,45.5,7.2
920,2024-10-05,YouGov,AZ,Online,RV,1047,3,47,51.5,1.5
921,2024-10-05,YouGov,NV,Online,LV,866,3.3,47.1,48.3,4.6
922,2024-10-05,Siena College,PA,Phone,RV,1055,3,47.7,46,6.3
923,2024-10-06,Siena College,NAT,Phone,LV,920,3.2,48.8,50.1,1.1
924,2024-10-06,Siena College,MI,Phone,RV,1013,3.1,46.9,49.8,3.3
925,2024-10-06,Morning Consult,WI,Online,LV,1138,2.9,43,47.7,9.3
926,2024-10-06,Morning Consult,PA,Online,RV,946,3.2,48.8,48.2,3
927,2024-10-06,RMG Research,MI,Mixed,LV,1018,3.1,54.4,43.5,2
928,2024-10-06,Emerson,PA,Mixed,RV,1010,3.1,49.7,46.2,4.1
929,2024-10-06,Morning Consult,NAT,Online,RV,875,3.3,48.7,46.8,4.4
930,2024-10-06,Siena College,GA,Phone,LV,953,3.2,44.7,48.9,6.4
931,2024-10-06,RMG Research,WI,Mixed,LV,972,3.1,44.7,48.8,6.5
932,2024-10-07,YouGov,AZ,Online,RV,1004,3.1,48.7,50.5,0.8
933,2024-10-07,YouGov,NV,Online,LV,1049,3,45.3,49.1,5.6
934,2024-10-07,YouGov,PA,Online,LV,868,3.3,42.5,52.8,4.7
935,2024-10-07,YouGov,WI,Online,RV,1184,2.8,49.3,42.4,8.3
936,2024-10-07,YouGov,PA,Online,RV,889,3.3,46.7,53.3,0
937,2024-10-07,YouGov,GA,Online,LV,663,3.8,46.8,45.3,8
938,2024-10-07,RMG Research,WI,Mixed,RV,1027,3.1,46.3,47,6.7
939,2024-10-08,Siena College,WI,Phone,LV,795,3.5,48.5,43.7,7.8
940,2024-10-08,RMG Research,AZ,Mixed,LV,1114,2.9,48.1,49.1,2.9
941,2024-10-08,Morning Consult,MI,Online,RV,1014,3.1,48.3,45.5,6.2
942,2024-10-08,YouGov,GA,Online,LV,964,3.2,46.7,46.3,7
943,2024-10-08,RMG Research,WI,Mixed,LV,982,3.1,48.6,44.2,7.2
944,2024-10-08,YouGov,AZ,Online,RV,1009,3.1,44.6,47.4,8
945,2024-10-08,Siena College,NAT,Phone,LV,984,3.1,51.7,48.3,0
946,2024-10-08,YouGov,MI,Online,LV,960,3.2,46.9,45.2,8
947,2024-10-08,Siena College,PA,Phone,LV,891,3.3,49.3,44.1,6.5
948,2024-10-09,RMG Research,MI,Mixed,RV,1025,3.1,48.7,43,8.3
949,2024-10-09,Siena College,NAT,Phone,LV,983,3.1,51.7,45.7,2.6
950,2024-10-09,Emerson,NAT,Mixed,LV,891,3.3,50.9,46.6,2.5
951,2024-10-09,RMG Research,AZ,Mixed,LV,917,3.2,46.2,49.4,4.4
952,2024-10-09,Siena College,PA,Phone,RV,954,3.2,48.4,47.6,4
953,2024-10-09,RMG Research,GA,Mixed,LV,1176,2.9,51.2,44.2,4.6
954,2024-10-09,YouGov,NV,Online,LV,898,3.3,49.4,47.4,3.2
955,2024-10-09,Emerson,GA,Mixed,LV,1003,3.1,45.9,50,4.1
956,2024-10-10,RMG Research,AZ,Mixed,LV,947,3.2,47.5,51.5,1
957,2024-10-10,Siena College,NV,Phone,LV,901,3.3,46.8,48.8,4.4
958,2024-10-10,RMG Research,NAT,Mixed,LV,1075,3,45.3,50.1,4.6
959,2024-10-10,YouGov,AZ,Online,LV,977,3.1,47.6,48.5,3.9
960,2024-10-10,Siena College,NV,Phone,LV,939,3.2,46.5,50.9,2.6
961,2024-10-10,RMG Research,MI,Mixed,LV,859,3.3,50.1,43.2,6.7
962,2024-10-11,RMG Research,NAT,Mixed,LV,883,3.3,48.7,48,3.3
963,2024-10-11,Emerson,NAT,Mixed,RV,1286,2.7,48.2,47,4.9
964,2024-10-11,YouGov,NV,Online,LV,1109,2.9,45,52.9,2.1
965,2024-10-11,Morning Consult,MI,Online,LV,1091,3,50.2,46.4,3.4
966,2024-10-11,RMG Research,NV,Mixed,LV,968,3.1,43.4,51.5,5
967,2024-10-11,RMG Research,WI,Mixed,RV,969,3.1,51.8,47.1,1.1
968,2024-10-11,Emerson,NV,Mixed,LV,1031,3.1,47.3,47.8,5
969,2024-10-12,Morning Consult,PA,Online,LV,944,3.2,51.7,42.7,5.6
970,2024-10-12,RMG Research,NAT,Mixed,LV,988,3.1,46.9,46.2,6.9
971,2024-10-12,Siena College,GA,Phone,LV,934,3.2,47.9,46.3,5.8
972,2024-10-12,Siena College,NV,Phone,LV,981,3.1,45.9,45.8,8.3
973,2024-10-12,YouGov,AZ,Online,LV,1211,2.8,45.9,50.4,3.6
974,2024-10-13,Morning Consult,NV,Online,RV,1072,3,44.6,50.8,4.6
975,2024-10-13,Emerson,GA,Mixed,LV,997,3.1,48.7,45.5,5.8
976,2024-10-13,YouGov,NAT,Online,LV,1070,3,44.5,50.2,5.3
977,2024-10-14,Morning Consult,MI,Online,LV,1111,2.9,47.7,46.4,6
978,2024-10-14,Emerson,NV,Mixed,LV,1170,2.9,45.1,51.5,3.4
979,2024-10-14,Siena College,MI,Phone,LV,820,3.4,52.2,44.8,3
980,2024-10-14,Morning Consult,WI,Online,LV,1004,3.1,47.3,48.7,4
981,2024-10-14,YouGov,NV,Online,LV,874,3.3,47.5,49.2,3.3
982,2024-10-14,Emerson,MI,Mixed,LV,1039,3,50.2,45.3,4.5
983,2024-10-15,Siena College,MI,Phone,LV,842,3.4,43.9,48.6,7.5
984,2024-10-15,Siena College,AZ,Phone,LV,970,3.1,44.4,53,2.6
985,2024-10-15,RMG Research,PA,Mixed,LV,952,3.2,44.2,52.8,3
986,2024-10-16,Emerson,PA,Mixed,RV,1074,3,39.8,53,7.2
987,2024-10-16,Emerson,GA,Mixed,LV,1041,3,44.7,49.7,5.6
988,2024-10-16,RMG Research,WI,Mixed,RV,1007,3.1,49,47.2,3.8
989,2024-10-16,Siena College,MI,Phone,LV,881,3.3,53.8,43.6,2.6
990,2024-10-16,Siena College,WI,Phone,LV,901,3.3,50.4,45.9,3.8
991,2024-10-16,Morning Consult,PA,Online,LV,1083,3,46.4,49.4,4.3
992,2024-10-16,Emerson,NAT,Mixed,RV,1005,3.1,44.4,47.5,8.1
993,2024-10-16,YouGov,NAT,Online,LV,697,3.7,45.7,47.3,7
994,2024-10-16,Emerson,PA,Mixed,LV,913,3.2,49.2,46.4,4.3
995,2024-10-17,Emerson,PA,Mixed,RV,1062,3,48.9,46.4,4.7
996,2024-10-17,RMG Research,MI,Mixed,RV,980,3.1,48.2,43,8.7
997,2024-10-17,YouGov,NAT,Online,LV,1099,3,47.9,45,7.1
998,2024-10-17,Siena College,MI,Phone,LV,957,3.2,51,43,6
999,2024-10-17,RMG Research,WI,Mixed,RV,1037,3,46.7,47.2,6.1
1000,2024-10-17,Morning Consult,MI,Online,RV,1035,3,47.5,43.9,8.5
